"native","primary","early_language","stigma_resp_1","stigma_dist_1","stigma_danger","check","concept_1","concept_2","concept_3","donate_1","donate_2","donate_3","familiar_1","familiar_2","like","offens","impression_3","control_like","control_often","control_preference","empathy_1","empathy_2","empathy_3","political_social","political_econ","experience_1","experience_2","experience_3","SliderOverlapValue","label","ppt_ID","stigma_resp_2_mut","stigma_dist_2_mut","stigma_dist_3_mut","stertyp_cmptition_1_rev","stertyp_cmptition_2_rev","stertyp_comp_1_rev","stertyp_warm_1_rev","stertyp_status_1_rev","stertyp_warm_2_rev","stertyp_status_2_rev","stertyp_comp_2_rev","stigma_avg","stereotype_avg","political","experience","empathy"
1,1,1,3,4,3,2,2,3,3,33,33,34,5,1,1,1,"PIC",4,3,2,4,5,5,6,6,NA,NA,1,62,"people who experience housing insecurity",1,3,3,3,4,4,2,2,3,3,5,5,3.16666666666667,3.5,6,0,4.66666666666667
1,1,1,4,2,2,2,4,3,2,33,34,33,4,3,2,2,"PC",4,4,2,3,3,2,2,2,1,NA,NA,82,"the homeless",2,2,2,2,5,5,4,3,4,3,5,4,2.33333333333333,4.125,2,1,2.66666666666667
1,1,1,2,3,3,2,4,3,3,40,60,0,5,5,1,1,"Both",3,8,3,4,4,5,6,6,NA,1,NA,100,"people who experience housing insecurity",3,2,3,2,4,4,4,4,4,4,5,5,2.5,4.25,6,1,4.33333333333333
1,1,1,4,5,4,2,4,4,1,50,50,0,5,5,1,2,"Both",2,3,2,4,3,5,1,1,NA,NA,1,72,"people who experience housing insecurity",4,2,3,1,4,3,3,2,4,3,5,5,3.16666666666667,3.625,1,0,4
1,1,3,2,3,2,2,1,3,4,35,60,5,5,5,1,2,"PC",5,8,3,4,4,1,7,6,NA,1,NA,72,"the homeless",5,1,1,1,5,5,3,2,4,3,5,4,1.66666666666667,3.875,6.5,1,3
1,1,1,4,2,2,2,4,3,2,30,60,10,3,4,1,2,"PC",5,5,3,4,3,2,6,6,1,NA,NA,68,"the homeless",6,1,2,1,5,4,2,2,3,1,5,3,2,3.125,6,1,3
1,1,1,2,2,3,2,1,4,4,33,33,34,2,3,1,2,"Both",3,5,3,3,4,3,6,6,NA,1,NA,60,"the homeless",7,1,2,1,5,4,4,3,4,3,5,4,1.83333333333333,4,6,1,3.33333333333333
1,1,1,2,3,2,2,2,3,1,60,20,20,4,1,1,1,"PIC",4,4,2,3,3,3,5,5,NA,1,NA,61,"the homeless",8,2,3,1,5,5,3,4,3,3,5,1,2.16666666666667,3.625,5,1,3
1,1,1,4,2,2,2,2,3,2,50,40,10,4,1,1,2,"Both",5,8,3,4,4,2,6,5,NA,1,NA,68,"people who experience housing insecurity",9,3,2,2,4,4,2,4,4,3,4,4,2.5,3.625,5.5,1,3.33333333333333
1,1,1,2,1,1,2,4,1,4,5,10,85,5,5,1,1,"PIC",4,4,2,4,4,5,2,2,NA,NA,1,48,"people who experience housing insecurity",10,3,1,1,3,3,2,2,2,2,2,2,1.5,2.25,2,0,4.33333333333333
1,1,1,4,4,3,2,5,4,5,25,25,50,4,2,1,1,"PIC",1,8,2,4,3,4,1,1,1,1,NA,51,"the homeless",11,1,2,5,2,2,2,3,3,3,5,4,3.16666666666667,3,1,1,3.66666666666667
1,1,1,1,1,1,2,1,2,5,33,33,34,5,5,2,2,"PC",6,8,3,5,5,5,7,7,1,1,NA,100,"the homeless",12,1,1,1,5,5,2,2,4,2,5,5,1,3.75,7,1,5
1,1,1,1,2,1,2,2,3,2,40,20,40,5,5,1,2,"Both",6,8,3,5,4,2,7,7,NA,1,NA,87,"the homeless",13,1,1,1,5,5,3,2,4,3,5,4,1.16666666666667,3.875,7,1,3.66666666666667
1,1,1,4,2,2,2,2,4,4,50,25,25,3,3,1,2,"PC",5,5,3,4,4,3,6,6,NA,NA,1,71,"people who experience housing insecurity",14,1,1,1,5,3,3,3,4,3,5,4,1.83333333333333,3.75,6,0,3.66666666666667
1,1,1,1,1,1,2,2,4,5,80,10,10,5,5,1,1,"Neither",4,4,3,3,3,2,7,7,1,NA,NA,44,"the homeless",15,1,1,1,5,3,2,2,3,2,5,3,1,3.125,7,1,2.66666666666667
1,1,1,4,2,2,2,4,3,2,30,35,35,5,4,2,2,"PC",5,4,2,3,3,3,2,2,1,NA,NA,72,"people who experience housing insecurity",16,1,2,1,5,5,4,3,4,3,5,4,2,4.125,2,1,3
1,1,1,2,2,1,2,2,1,2,33,34,33,4,3,2,2,"PC",4,4,2,4,4,1,7,6,NA,1,NA,60,"people who experience housing insecurity",17,2,2,1,5,5,2,2,3,2,5,5,1.66666666666667,3.625,6.5,1,3
1,1,1,3,3,1,2,3,2,3,20,30,50,3,3,1,2,"Both",4,4,2,4,4,4,5,4,1,NA,NA,53,"people who experience housing insecurity",18,3,3,2,2,2,3,4,3,2,3,3,2.5,2.75,4.5,1,4
1,1,1,1,3,2,2,4,3,3,35,35,30,5,3,1,1,"Both",5,8,3,3,3,4,7,7,NA,NA,1,95,"the homeless",19,2,3,2,3,3,2,2,2,2,2,2,2.16666666666667,2.25,7,0,3.33333333333333
1,1,1,3,3,1,2,3,1,2,40,35,25,4,1,1,2,"PIC",3,4,2,3,2,2,4,5,NA,NA,1,100,"people who experience housing insecurity",20,2,3,3,5,5,3,4,3,3,4,3,2.5,3.75,4.5,0,2.33333333333333
1,1,1,1,1,1,2,4,2,3,50,25,25,5,1,1,2,"Both",4,8,3,3,1,1,7,6,1,NA,NA,NA,"people who experience housing insecurity",21,1,1,1,5,5,3,3,3,3,3,3,1,3.5,6.5,1,1.66666666666667
1,1,1,1,3,2,2,4,4,5,30,30,40,3,3,1,1,"Both",4,5,2,5,3,3,7,6,NA,NA,1,85,"people who experience housing insecurity",22,2,3,1,5,4,3,2,3,3,5,3,2,3.5,6.5,0,3.66666666666667
1,1,1,5,4,3,2,1,1,1,25,50,25,3,3,1,2,"PC",5,5,3,4,3,5,2,2,NA,1,NA,63,"the homeless",23,3,1,2,1,1,2,4,2,2,3,1,3,2,2,1,4
1,1,1,2,2,2,2,3,3,1,30,10,60,4,3,1,2,"PC",5,5,3,3,3,3,6,5,NA,NA,1,82,"the homeless",24,2,2,1,4,4,3,3,4,4,4,3,1.83333333333333,3.625,5.5,0,3
1,1,1,2,1,1,2,2,3,4,100,0,0,5,3,2,2,"PC",7,8,3,5,5,5,7,7,NA,NA,1,47,"people who experience housing insecurity",25,1,2,1,5,5,1,1,1,1,3,3,1.33333333333333,2.5,7,0,5
1,1,1,1,3,3,2,1,4,5,100,0,0,4,3,1,2,"PC",7,8,3,3,3,3,7,7,NA,1,NA,86,"the homeless",26,1,3,1,5,5,4,3,5,4,5,5,2,4.5,7,1,3
1,1,1,2,3,2,2,2,3,5,50,30,20,3,3,2,2,"Both",7,9,3,3,5,4,7,7,NA,1,NA,89,"the homeless",27,2,1,1,5,5,3,3,3,3,3,3,1.83333333333333,3.5,7,1,4
1,1,1,1,1,1,2,2,1,4,25,25,50,5,3,2,2,"PC",7,8,3,4,4,3,7,7,1,1,NA,24,"people who experience housing insecurity",28,1,1,1,5,5,2,2,2,2,3,2,1,2.875,7,1,3.66666666666667
1,1,1,5,4,4,2,4,1,5,30,35,35,4,4,1,2,"PC",6,8,3,4,4,5,3,5,NA,1,NA,69,"people who experience housing insecurity",29,2,1,2,2,4,2,2,1,2,2,2,3,2.125,4,1,4.33333333333333
1,1,1,2,1,1,2,3,3,2,34,33,33,5,4,2,2,"PC",4,5,2,4,3,1,5,5,1,NA,NA,75,"people who experience housing insecurity",30,1,1,1,5,5,3,1,3,2,4,4,1.16666666666667,3.375,5,1,2.66666666666667
1,1,1,3,2,2,2,2,3,2,50,50,0,4,1,1,1,"PIC",2,2,1,4,3,1,1,1,NA,1,NA,23,"the homeless",31,3,2,2,3,4,3,3,3,3,3,3,2.33333333333333,3.125,1,1,2.66666666666667
1,1,1,4,3,2,2,2,3,2,40,50,10,4,4,2,2,"PC",6,8,3,4,3,1,1,1,NA,NA,1,85,"people who experience housing insecurity",32,2,2,2,4,3,3,2,3,3,2,2,2.5,2.75,1,0,2.66666666666667
1,1,1,5,5,5,2,4,3,3,30,60,10,5,4,1,2,"PIC",2,4,2,4,5,1,7,7,NA,NA,1,72,"people who experience housing insecurity",33,5,5,5,5,5,4,3,4,4,5,5,5,4.375,7,0,3.33333333333333
1,1,1,1,1,1,2,1,1,4,50,50,0,5,1,2,2,"PC",4,8,2,4,4,4,7,7,1,1,NA,100,"people who experience housing insecurity",34,2,1,1,5,5,2,2,2,2,2,2,1.16666666666667,2.75,7,1,4
1,1,1,3,1,1,2,3,3,3,40,40,20,4,4,2,2,"Both",3,3,3,4,5,1,1,1,1,NA,NA,49,"the homeless",35,2,1,4,2,5,2,2,3,3,4,5,2,3.25,1,1,3.33333333333333
1,1,1,2,3,3,2,4,4,4,0,0,100,5,5,2,2,"Both",4,5,2,3,2,2,7,6,NA,NA,1,71,"the homeless",36,1,3,2,5,2,3,3,3,3,5,4,2.33333333333333,3.5,6.5,0,2.33333333333333
1,1,1,2,3,2,2,3,4,3,35,35,30,4,4,1,2,"PC",5,5,3,4,2,1,5,6,1,1,NA,36,"the homeless",37,3,2,3,4,5,4,3,4,3,5,4,2.5,4,5.5,1,2.33333333333333
1,1,1,2,4,3,2,2,4,5,50,50,0,4,4,1,2,"Both",6,8,3,4,3,3,6,5,NA,NA,1,61,"the homeless",38,1,4,2,5,5,2,2,3,2,5,4,2.66666666666667,3.5,5.5,0,3.33333333333333
1,1,1,3,3,3,2,2,3,3,0,0,100,4,3,1,2,"PC",2,4,2,3,4,4,1,1,NA,NA,1,28,"people who experience housing insecurity",39,2,2,1,2,4,3,3,4,2,5,3,2.33333333333333,3.25,1,0,3.66666666666667
1,3,1,2,1,1,2,2,3,3,0,50,50,5,3,1,1,"PC",3,8,3,3,3,1,7,7,NA,NA,1,47,"the homeless",40,1,2,3,5,5,3,3,3,3,5,5,1.66666666666667,4,7,0,2.33333333333333
1,1,1,3,1,1,2,4,3,4,25,50,25,4,2,1,2,"PIC",4,3,2,4,3,4,2,2,NA,NA,1,82,"people who experience housing insecurity",41,2,1,1,2,5,3,3,4,3,5,3,1.5,3.5,2,0,3.66666666666667
1,1,1,2,4,2,2,4,4,5,40,40,20,5,5,1,1,"PIC",4,4,2,4,4,1,2,2,NA,NA,1,100,"the homeless",42,1,4,1,5,5,2,2,4,2,5,5,2.33333333333333,3.75,2,0,3
1,1,1,3,2,1,2,5,4,5,50,40,10,3,3,2,1,"PC",7,8,3,4,3,3,2,5,NA,NA,1,72,"the homeless",43,1,2,4,2,5,3,3,4,4,5,4,2.16666666666667,3.75,3.5,0,3.33333333333333
1,1,1,2,1,1,2,3,3,3,50,25,25,5,5,2,2,"PC",6,8,3,4,4,3,7,7,1,NA,NA,73,"people who experience housing insecurity",44,2,1,1,5,5,2,2,3,2,5,4,1.33333333333333,3.5,7,1,3.66666666666667
1,1,1,2,2,2,2,2,2,5,34,33,33,4,4,2,2,"PC",5,5,2,5,5,4,7,6,1,NA,NA,48,"people who experience housing insecurity",45,1,2,3,5,5,3,3,4,3,4,4,2,3.875,6.5,1,4.66666666666667
1,1,1,2,1,1,2,4,3,3,30,40,30,4,2,2,2,"PC",6,8,3,4,5,3,5,5,NA,NA,1,49,"people who experience housing insecurity",46,1,3,3,4,5,1,2,3,3,5,5,1.83333333333333,3.5,5,0,4
1,1,1,1,2,4,2,4,4,5,40,60,0,5,3,1,1,"PC",2,3,1,4,5,3,1,1,NA,1,NA,41,"the homeless",47,2,3,1,2,5,2,3,3,3,5,5,2.16666666666667,3.5,1,1,4
1,1,1,3,3,3,2,3,4,5,33,34,33,3,2,1,1,"Both",4,2,2,3,2,1,7,7,NA,NA,1,14,"the homeless",48,2,3,1,4,3,4,4,4,4,5,4,2.5,4,7,0,2
1,1,1,3,5,5,2,1,4,5,34,33,33,5,1,1,1,"Neither",1,1,1,3,3,3,3,3,NA,1,NA,NA,"the homeless",49,1,4,5,1,1,5,3,5,5,5,5,3.83333333333333,3.75,3,1,3
1,1,1,3,4,4,2,4,4,1,60,30,10,3,1,1,1,"PIC",2,1,2,3,3,2,2,1,NA,1,NA,25,"the homeless",50,2,3,4,5,4,3,2,4,3,5,5,3.33333333333333,3.875,1.5,1,2.66666666666667
1,1,1,1,1,3,2,2,2,3,100,0,0,5,2,1,1,"Neither",1,5,1,3,4,5,1,1,NA,1,NA,42,"the homeless",51,1,1,2,2,5,3,3,3,2,3,4,1.5,3.125,1,1,4
1,1,3,2,3,2,2,3,3,2,50,50,0,4,3,2,2,"PC",5,8,3,4,3,2,6,7,NA,NA,1,100,"the homeless",52,1,2,2,5,5,2,2,3,2,5,4,2,3.5,6.5,0,3
1,1,1,5,4,4,2,4,1,5,40,40,20,5,4,1,2,"Both",7,9,3,5,5,5,7,7,NA,1,NA,67,"people who experience housing insecurity",53,3,3,1,2,2,1,2,2,1,2,1,3.33333333333333,1.625,7,1,5
1,1,1,2,2,3,2,4,4,2,50,25,25,4,3,2,2,"PC",4,5,3,2,2,3,6,6,NA,NA,1,72,"the homeless",54,1,3,1,4,4,3,2,3,4,5,5,2,3.75,6,0,2.33333333333333
1,1,1,2,3,2,2,2,3,2,40,40,20,4,2,1,2,"Both",4,5,3,4,4,4,5,5,NA,NA,1,72,"the homeless",55,1,3,3,3,3,3,3,3,3,4,3,2.33333333333333,3.125,5,0,4
1,1,1,2,4,3,2,3,3,3,25,50,25,5,5,1,2,"Both",5,4,3,5,4,2,5,4,NA,1,NA,85,"people who experience housing insecurity",56,1,2,2,4,4,4,2,4,2,5,4,2.33333333333333,3.625,4.5,1,3.66666666666667
1,1,1,2,2,3,2,4,3,2,30,60,10,5,3,1,2,"Both",6,3,3,5,4,3,4,2,NA,1,NA,45,"people who experience housing insecurity",57,1,1,2,5,4,4,3,2,3,2,1,1.83333333333333,3,3,1,4
1,1,1,5,4,4,2,4,4,2,30,70,0,5,2,1,2,"Both",1,2,1,3,2,2,1,1,NA,NA,1,57,"people who experience housing insecurity",58,3,4,3,2,1,5,4,4,5,5,5,3.83333333333333,3.875,1,0,2.33333333333333
1,3,1,3,2,3,2,3,3,1,40,40,20,5,5,2,2,"Both",6,5,3,4,4,3,2,2,NA,1,NA,19,"the homeless",59,2,2,2,3,3,4,3,4,3,3,3,2.33333333333333,3.25,2,1,3.66666666666667
1,1,1,2,4,4,2,2,4,5,75,0,25,4,1,1,2,"Both",3,5,2,4,3,1,6,6,NA,NA,1,66,"the homeless",60,1,3,1,5,5,3,3,4,4,5,4,2.5,4.125,6,0,2.66666666666667
1,1,1,2,4,3,2,3,3,2,40,40,20,4,4,2,2,"Both",5,5,3,4,5,1,6,4,NA,NA,1,81,"the homeless",61,1,2,1,5,3,3,3,3,3,4,3,2.16666666666667,3.375,5,0,3.33333333333333
1,1,1,2,3,3,2,2,3,4,100,0,0,5,3,1,1,"Both",3,5,3,3,4,3,6,6,NA,NA,1,47,"the homeless",62,2,3,2,5,4,4,3,4,3,4,3,2.5,3.75,6,0,3.33333333333333
1,1,1,4,3,4,2,4,4,2,0,50,50,5,4,1,2,"Both",2,3,1,4,5,4,2,3,NA,NA,1,69,"the homeless",63,4,3,4,2,2,4,4,4,3,4,4,3.66666666666667,3.375,2.5,0,4.33333333333333
1,1,1,3,2,2,2,3,3,2,0,0,100,5,2,1,1,"Both",1,2,2,3,3,3,5,6,NA,NA,1,22,"people who experience housing insecurity",64,2,2,3,3,3,3,3,3,3,3,3,2.33333333333333,3,5.5,0,3
1,1,1,1,1,1,2,2,1,4,70,30,0,3,3,2,2,"PC",6,8,3,3,3,4,7,7,NA,NA,1,24,"people who experience housing insecurity",65,2,1,1,4,4,2,2,3,2,4,3,1.16666666666667,3,7,0,3.33333333333333
1,1,1,4,3,4,2,4,3,5,40,30,30,4,4,1,2,"PIC",7,5,3,4,3,4,1,1,NA,1,NA,73,"people who experience housing insecurity",66,2,3,2,2,2,2,3,2,2,3,2,3,2.25,1,1,3.66666666666667
1,1,1,2,2,2,2,2,2,3,50,30,20,3,3,2,2,"PC",5,5,3,4,3,4,6,6,NA,NA,1,49,"people who experience housing insecurity",68,3,2,1,4,4,2,2,3,3,5,4,2,3.375,6,0,3.66666666666667
1,1,1,3,2,2,2,4,2,2,30,40,30,4,3,2,2,"PC",4,4,3,3,3,1,6,6,NA,NA,1,50,"people who experience housing insecurity",69,2,3,3,3,4,3,2,2,2,2,3,2.5,2.625,6,0,2.33333333333333
1,1,1,2,2,2,2,4,2,4,50,5,45,5,4,1,1,"PC",2,2,2,4,3,5,6,6,NA,1,NA,81,"the homeless",70,1,2,3,5,5,3,2,4,4,5,5,2,4.125,6,1,4
1,1,1,4,3,3,2,4,4,3,0,0,100,3,3,1,1,"Both",2,3,2,3,2,3,2,2,NA,NA,1,61,"the homeless",71,2,4,1,3,3,3,4,4,3,5,4,2.83333333333333,3.625,2,0,2.66666666666667
1,1,1,2,4,3,2,1,4,5,30,60,10,5,5,2,2,"PC",6,8,3,4,4,4,6,6,NA,NA,1,71,"the homeless",72,2,4,2,5,5,5,3,5,4,5,5,2.83333333333333,4.625,6,0,4
1,1,1,3,4,1,2,2,1,5,0,50,50,4,4,2,2,"PC",4,5,3,3,3,3,5,5,NA,NA,1,32,"people who experience housing insecurity",73,1,3,1,4,5,3,3,3,3,4,4,2.16666666666667,3.625,5,0,3
1,1,1,1,1,1,2,4,3,1,65,20,15,5,5,2,2,"PC",3,5,3,3,4,3,7,5,NA,NA,1,77,"people who experience housing insecurity",74,1,1,1,5,4,3,2,3,2,5,4,1,3.5,6,0,3.33333333333333
1,1,1,2,3,3,2,2,3,3,35,35,30,2,2,1,2,"PC",4,4,2,3,2,3,6,6,NA,NA,1,48,"people who experience housing insecurity",75,2,3,2,4,4,4,4,4,4,5,5,2.5,4.25,6,0,2.66666666666667
1,1,1,2,1,1,2,4,3,2,40,40,20,5,5,2,2,"Both",5,8,3,4,4,5,6,6,1,1,NA,42,"people who experience housing insecurity",76,2,1,1,5,5,2,1,2,1,5,3,1.33333333333333,3,6,1,4.33333333333333
1,1,1,3,3,4,2,4,4,1,50,50,0,5,4,1,2,"Both",2,2,1,4,4,2,1,1,NA,1,NA,27,"the homeless",77,3,2,2,3,4,4,4,4,4,5,4,2.83333333333333,4,1,1,3.33333333333333
1,1,1,2,2,1,2,4,3,1,70,10,20,4,3,1,1,"PIC",3,2,1,5,4,3,3,3,NA,1,NA,1,"the homeless",78,2,1,1,5,5,2,2,2,2,3,3,1.5,3,3,1,4
1,1,1,3,1,1,2,4,3,3,35,35,30,4,3,2,2,"PC",4,5,2,4,3,3,1,1,NA,NA,1,73,"people who experience housing insecurity",79,3,2,5,5,3,2,2,3,3,5,4,2.5,3.375,1,0,3.33333333333333
1,1,1,4,1,1,2,2,3,5,50,50,0,4,4,1,1,"Both",6,8,3,4,4,5,7,7,1,NA,NA,83,"the homeless",80,1,2,1,5,5,2,3,3,2,3,4,1.66666666666667,3.375,7,1,4.33333333333333
1,1,1,4,4,4,2,4,3,4,15,40,45,5,1,1,2,"PC",3,4,1,3,2,4,7,5,1,1,NA,83,"people who experience housing insecurity",81,2,1,2,4,2,4,4,5,4,5,4,2.83333333333333,4,6,1,3
1,1,1,3,3,3,2,3,3,4,40,40,20,5,3,1,1,"Both",4,8,2,4,3,1,7,7,1,1,NA,92,"the homeless",82,1,1,1,5,5,2,1,3,2,5,3,2,3.25,7,1,2.66666666666667
1,1,1,3,1,1,2,4,3,3,34,33,33,5,2,1,1,"PIC",4,4,2,3,3,2,3,2,NA,1,NA,48,"people who experience housing insecurity",83,3,1,1,5,3,3,1,4,2,5,4,1.66666666666667,3.375,2.5,1,2.66666666666667
1,1,1,4,4,3,2,4,3,3,0,100,0,2,2,1,2,"Both",2,2,1,4,3,3,5,5,NA,NA,1,69,"people who experience housing insecurity",84,2,3,1,5,5,3,3,4,4,4,4,2.83333333333333,4,5,0,3.33333333333333
1,3,1,3,4,3,2,4,3,4,50,50,0,2,3,1,2,"Both",5,5,3,3,4,3,6,6,1,NA,NA,47,"the homeless",85,2,2,1,3,3,3,3,3,3,5,3,2.5,3.25,6,1,3.33333333333333
1,1,1,1,3,2,2,2,3,4,34,33,33,4,4,2,2,"PC",4,8,3,3,3,3,6,6,NA,1,NA,61,"the homeless",86,1,2,1,5,5,3,3,3,3,3,3,1.66666666666667,3.5,6,1,3
1,1,1,2,2,2,2,4,3,3,40,30,30,4,3,2,2,"PC",2,2,2,3,3,2,6,6,NA,NA,1,62,"people who experience housing insecurity",87,4,3,2,4,4,3,4,4,4,5,5,2.5,4.125,6,0,2.66666666666667
1,1,1,2,1,2,2,3,3,5,30,40,30,4,3,2,2,"Both",6,5,3,4,5,1,6,5,NA,NA,1,23,"the homeless",88,1,1,1,5,3,2,3,3,3,4,3,1.33333333333333,3.25,5.5,0,3.33333333333333
1,1,1,2,3,3,2,1,3,4,30,40,30,5,1,1,1,"PIC",4,5,2,3,3,2,3,5,NA,NA,1,84,"people who experience housing insecurity",89,3,2,3,4,3,4,2,4,5,5,5,2.66666666666667,4,4,0,2.66666666666667
1,1,1,2,1,1,2,4,4,4,60,20,20,5,4,2,2,"PC",2,2,2,4,4,3,3,3,NA,NA,1,72,"people who experience housing insecurity",90,1,2,1,4,4,4,3,4,3,5,5,1.33333333333333,4,3,0,3.66666666666667
1,1,1,1,1,4,2,3,3,5,50,50,0,5,5,2,2,"Both",4,4,3,5,3,2,7,7,1,1,NA,49,"the homeless",91,1,1,1,5,5,1,1,2,1,5,5,1.5,3.125,7,1,3.33333333333333
1,1,1,3,2,2,2,4,3,2,33,34,33,3,2,1,1,"PIC",1,3,2,4,3,2,6,6,NA,NA,1,65,"people who experience housing insecurity",92,2,2,2,4,5,3,3,3,3,4,4,2.16666666666667,3.625,6,0,3
1,1,1,5,4,4,2,5,1,5,40,30,30,5,5,2,1,"PC",7,9,2,5,4,5,7,7,NA,1,NA,75,"the homeless",93,1,1,1,2,2,1,2,1,1,2,1,2.66666666666667,1.5,7,1,4.66666666666667
1,1,1,2,1,1,2,2,2,5,25,50,25,5,4,2,2,"Both",6,8,2,4,5,4,7,7,1,1,NA,24,"people who experience housing insecurity",94,2,1,1,5,5,2,1,2,1,4,3,1.33333333333333,2.875,7,1,4.33333333333333
1,1,1,3,3,3,2,4,3,4,25,5,70,5,3,1,2,"Both",2,3,2,4,3,3,7,7,1,NA,NA,48,"people who experience housing insecurity",95,2,2,1,5,2,3,3,4,4,5,4,2.33333333333333,3.75,7,1,3.33333333333333
1,1,1,1,2,2,2,2,3,3,47,43,10,4,3,1,2,"Both",4,8,3,3,4,5,7,7,NA,NA,1,37,"the homeless",96,1,1,1,5,5,2,2,4,2,5,1,1.33333333333333,3.25,7,0,4
1,1,1,1,1,1,2,2,3,2,45,15,40,4,4,2,2,"PC",5,8,3,4,2,3,7,4,NA,1,NA,48,"people who experience housing insecurity",97,5,1,1,5,5,2,2,3,3,5,5,1.66666666666667,3.75,5.5,1,3
1,1,1,1,1,1,2,1,2,5,50,20,30,5,5,2,2,"PC",7,8,3,4,3,3,7,7,NA,1,NA,100,"people who experience housing insecurity",98,1,1,1,5,5,1,1,1,1,3,3,1,2.5,7,1,3.33333333333333
1,1,1,2,2,4,2,2,4,2,40,40,20,4,3,2,2,"PC",5,5,2,4,3,4,3,2,1,1,NA,44,"the homeless",99,2,2,2,2,3,5,3,3,3,5,4,2.33333333333333,3.5,2.5,1,3.66666666666667
1,1,1,2,3,3,2,2,3,3,30,60,10,4,3,1,2,"Both",4,4,2,3,4,3,3,4,NA,1,NA,69,"the homeless",100,3,4,3,4,4,3,3,3,3,4,3,3,3.375,3.5,1,3.33333333333333
1,1,1,2,1,3,2,1,3,1,70,10,20,5,4,1,2,"Both",4,4,3,4,4,3,6,4,NA,NA,1,73,"the homeless",101,2,2,1,5,5,2,1,2,1,5,3,1.83333333333333,3,5,0,3.66666666666667
1,1,1,1,5,4,2,1,4,1,40,40,20,5,5,2,2,"PC",7,9,3,5,5,1,7,4,NA,NA,1,100,"the homeless",102,1,1,1,5,5,3,3,3,3,5,5,2.16666666666667,4,5.5,0,3.66666666666667
1,1,1,2,3,2,2,4,3,4,0,0,100,5,4,2,2,"PC",7,8,3,3,3,4,7,4,NA,NA,1,86,"people who experience housing insecurity",103,1,1,1,5,5,3,2,4,2,5,4,1.66666666666667,3.75,5.5,0,3.33333333333333
1,1,1,2,1,2,2,4,3,4,50,30,20,5,5,2,2,"PC",6,5,2,4,5,2,5,6,NA,1,NA,81,"the homeless",104,1,3,2,5,5,3,2,3,2,5,3,1.83333333333333,3.5,5.5,1,3.66666666666667
1,1,1,1,2,1,2,2,3,3,50,25,25,4,4,2,2,"PC",6,8,3,4,4,3,7,7,NA,NA,1,54,"people who experience housing insecurity",105,1,1,1,5,5,2,1,3,2,5,4,1.16666666666667,3.375,7,0,3.66666666666667
1,1,1,2,1,2,2,2,3,3,40,50,10,5,3,2,2,"PC",6,8,3,4,3,2,7,7,NA,NA,1,83,"people who experience housing insecurity",106,1,2,1,5,4,3,2,3,3,5,4,1.5,3.625,7,0,3
1,1,1,4,4,4,2,4,4,4,50,48,2,4,2,1,1,"PIC",1,8,2,4,4,3,5,5,NA,1,NA,100,"the homeless",107,2,4,4,2,4,4,4,4,4,5,4,3.66666666666667,3.875,5,1,3.66666666666667
1,1,1,2,2,2,2,2,3,3,28,40,32,4,3,1,2,"PC",6,3,2,3,4,4,2,2,NA,1,NA,40,"people who experience housing insecurity",108,2,2,1,2,2,3,3,4,3,4,4,1.83333333333333,3.125,2,1,3.66666666666667
1,1,1,2,3,2,2,2,3,2,33,34,33,4,4,2,2,"PC",6,5,3,4,3,3,7,7,NA,NA,1,91,"the homeless",109,1,1,1,5,5,4,1,4,1,5,5,1.66666666666667,3.75,7,0,3.33333333333333
1,1,1,4,1,1,2,4,3,2,100,0,0,5,4,2,2,"Both",6,4,3,4,3,3,2,2,1,1,NA,51,"people who experience housing insecurity",110,1,1,1,2,3,3,2,4,2,5,4,1.5,3.125,2,1,3.33333333333333
1,1,1,3,2,2,2,4,2,5,30,30,40,4,2,1,2,"PIC",4,5,2,4,4,2,6,6,NA,NA,1,25,"the homeless",111,2,2,2,4,2,3,3,3,3,3,3,2.16666666666667,3,6,0,3.33333333333333
1,1,3,2,1,1,2,3,2,4,50,30,20,5,5,2,2,"Both",5,8,3,5,3,5,7,4,1,NA,NA,77,"people who experience housing insecurity",112,2,1,1,5,5,1,1,3,1,4,3,1.33333333333333,2.875,5.5,1,4.33333333333333
1,1,1,4,3,3,2,4,1,4,40,50,10,4,4,1,2,"PC",7,5,3,5,4,2,7,5,NA,NA,1,46,"the homeless",113,4,3,2,3,3,2,3,3,1,2,2,3.16666666666667,2.375,6,0,3.66666666666667
1,1,1,3,2,2,2,2,3,3,60,20,20,4,2,2,2,"Both",3,4,2,4,3,2,3,2,1,1,NA,53,"people who experience housing insecurity",114,3,2,2,4,4,2,2,2,2,5,4,2.33333333333333,3.125,2.5,1,3
1,1,1,1,2,2,2,1,3,2,75,25,0,4,3,1,1,"Both",5,8,3,4,4,2,7,7,NA,1,NA,94,"the homeless",115,1,2,2,5,4,3,2,4,3,5,4,1.66666666666667,3.75,7,1,3.33333333333333
1,1,1,4,3,2,2,1,3,3,60,10,30,5,4,2,2,"PC",4,8,3,3,4,2,6,6,NA,NA,1,67,"the homeless",116,2,4,2,4,5,3,4,4,3,5,5,2.83333333333333,4.125,6,0,3
1,1,1,4,3,3,2,2,3,2,30,40,30,3,2,1,2,"PC",2,3,2,3,4,2,2,2,NA,NA,1,54,"the homeless",117,1,1,1,3,3,4,3,4,3,5,5,2.16666666666667,3.75,2,0,3
1,1,1,3,2,2,2,3,3,3,70,20,10,5,3,1,2,"Both",2,4,2,3,3,3,3,2,NA,1,NA,66,"people who experience housing insecurity",118,2,2,1,3,4,3,3,3,3,5,4,2,3.5,2.5,1,3
1,1,1,1,2,2,2,2,3,5,37,37,26,4,4,1,2,"Both",4,5,2,3,3,3,6,6,1,1,NA,61,"the homeless",119,1,2,1,5,5,3,3,4,3,5,4,1.5,4,6,1,3
1,1,1,2,2,1,2,4,3,3,70,20,10,5,5,2,2,"PC",5,8,3,3,3,3,7,6,NA,NA,1,72,"people who experience housing insecurity",120,1,1,1,5,5,2,2,4,2,5,4,1.33333333333333,3.625,6.5,0,3
1,1,1,3,2,2,2,3,3,3,50,40,10,4,3,1,2,"PC",4,4,2,3,3,4,2,2,NA,NA,1,48,"people who experience housing insecurity",121,2,2,1,3,4,3,3,4,3,5,4,2,3.625,2,0,3.33333333333333
1,1,1,4,4,3,2,5,4,3,10,90,0,4,1,1,1,"PIC",1,2,2,3,2,1,3,2,NA,1,NA,93,"people who experience housing insecurity",122,4,3,4,3,4,5,4,4,4,5,5,3.66666666666667,4.25,2.5,1,2
1,1,1,3,1,3,2,4,4,4,35,35,30,3,1,2,2,"PC",4,9,3,4,4,1,1,1,NA,NA,1,49,"the homeless",123,1,1,1,5,5,3,2,2,2,5,5,1.66666666666667,3.625,1,0,3
1,1,1,2,3,3,2,3,3,3,35,35,30,2,3,1,1,"Both",4,5,2,3,3,2,5,6,NA,NA,1,23,"the homeless",124,2,3,3,4,4,3,3,4,4,5,4,2.66666666666667,3.875,5.5,0,2.66666666666667
1,1,1,4,5,4,2,4,4,4,20,20,60,4,3,2,2,"PC",4,5,3,3,2,5,5,5,NA,NA,1,58,"people who experience housing insecurity",125,2,3,4,1,2,3,3,4,3,4,3,3.66666666666667,2.875,5,0,3.33333333333333
1,1,1,3,3,3,2,2,3,4,50,50,0,3,3,1,2,"PC",4,5,3,4,2,1,6,2,NA,1,NA,83,"people who experience housing insecurity",126,1,1,1,5,5,3,2,4,3,5,4,2,3.875,4,1,2.33333333333333
1,1,1,2,1,1,2,4,1,3,50,50,0,3,4,2,2,"PC",6,9,3,5,3,2,7,7,NA,NA,1,75,"people who experience housing insecurity",127,1,1,1,5,4,2,1,2,2,4,4,1.16666666666667,3,7,0,3.33333333333333
1,1,1,4,4,4,2,2,4,5,34,33,33,5,1,1,2,"PC",3,5,1,4,4,4,7,7,NA,NA,1,100,"people who experience housing insecurity",128,2,2,2,2,2,4,2,4,4,5,4,3,3.375,7,0,4
1,1,1,2,3,3,2,3,4,5,25,35,40,4,3,1,1,"PC",4,3,2,4,2,3,7,7,NA,NA,1,25,"the homeless",129,2,2,2,4,3,3,4,4,4,4,4,2.33333333333333,3.75,7,0,3
1,1,1,2,2,2,2,2,3,3,66,30,4,5,5,1,1,"PIC",6,5,2,4,4,3,6,7,NA,NA,1,100,"the homeless",130,1,1,1,5,5,3,3,3,2,5,5,1.5,3.875,6.5,0,3.66666666666667
1,1,1,3,2,3,2,3,3,3,50,50,0,2,3,2,2,"PC",1,2,2,4,3,5,2,2,NA,NA,1,71,"people who experience housing insecurity",131,2,2,2,4,4,3,3,4,3,5,4,2.33333333333333,3.75,2,0,4
1,1,1,3,2,4,2,2,3,4,25,60,15,4,4,1,2,"PC",4,5,2,4,3,4,5,4,NA,1,NA,98,"the homeless",132,2,2,2,4,4,3,3,4,3,5,4,2.5,3.75,4.5,1,3.66666666666667
1,1,1,1,1,3,2,3,2,1,0,0,100,5,5,1,2,"PC",2,4,2,3,2,5,7,7,NA,NA,1,46,"people who experience housing insecurity",133,5,5,3,3,3,3,3,3,3,4,3,3,3.125,7,0,3.33333333333333
1,1,1,2,3,2,2,2,3,5,40,50,10,2,3,2,2,"PC",4,4,3,5,4,2,7,7,1,NA,NA,33,"the homeless",134,1,3,1,5,5,3,3,3,3,5,3,2,3.75,7,1,3.66666666666667
1,1,1,4,5,2,2,4,3,5,40,50,10,5,4,2,2,"PC",5,8,3,4,3,1,6,7,NA,1,NA,47,"people who experience housing insecurity",135,4,2,1,5,5,4,2,5,2,5,5,3,4.125,6.5,1,2.66666666666667
1,1,1,3,1,1,2,3,2,4,50,50,0,5,5,2,2,"PC",4,3,1,4,2,3,7,5,NA,1,NA,94,"people who experience housing insecurity",136,1,1,1,5,5,2,2,2,2,5,2,1.33333333333333,3.125,6,1,3
1,1,1,3,1,1,2,4,3,5,50,50,0,5,5,2,2,"PC",4,4,1,4,3,2,7,7,NA,1,NA,73,"the homeless",137,1,1,1,5,5,2,2,3,2,5,3,1.33333333333333,3.375,7,1,3
1,1,1,5,2,1,2,2,3,3,40,50,10,4,2,2,2,"PC",6,5,3,4,4,1,6,4,NA,NA,1,28,"people who experience housing insecurity",138,2,2,1,5,5,4,2,3,3,5,4,2.16666666666667,3.875,5,0,3
1,1,1,1,2,1,2,2,3,5,80,20,0,5,2,1,2,"Both",3,8,2,4,2,2,4,7,NA,NA,1,24,"the homeless",139,1,2,1,5,5,3,1,3,2,5,5,1.33333333333333,3.625,5.5,0,2.66666666666667
1,1,1,1,1,1,2,2,4,3,50,30,20,4,3,2,2,"PC",5,5,3,2,3,1,2,2,NA,1,NA,32,"the homeless",140,4,2,1,5,5,4,3,3,3,5,4,1.66666666666667,4,2,1,2
1,1,1,2,2,3,2,2,3,1,50,50,0,4,4,2,2,"Both",5,4,2,4,4,3,2,2,NA,NA,1,73,"the homeless",141,4,3,2,4,4,3,3,3,3,3,2,2.66666666666667,3.125,2,0,3.66666666666667
1,1,1,3,2,2,2,2,3,4,50,25,25,5,5,1,1,"Both",2,3,2,4,2,5,5,4,NA,NA,1,37,"the homeless",142,2,2,2,5,5,2,2,3,1,4,4,2.16666666666667,3.25,4.5,0,3.66666666666667
1,1,1,1,2,3,2,2,3,4,50,40,10,4,4,2,2,"Both",6,8,3,4,5,5,7,7,NA,NA,1,72,"the homeless",143,1,2,1,5,5,3,2,3,3,5,4,1.66666666666667,3.75,7,0,4.66666666666667
1,1,1,3,1,1,2,1,1,4,34,33,33,3,2,2,2,"Both",4,8,3,3,4,3,7,6,NA,NA,1,48,"people who experience housing insecurity",144,1,1,1,5,5,1,1,1,1,2,2,1.33333333333333,2.25,6.5,0,3.33333333333333
1,1,1,2,2,1,2,3,3,3,80,20,0,5,5,2,2,"PC",6,8,3,5,5,2,7,7,NA,1,NA,72,"people who experience housing insecurity",145,1,1,1,5,5,2,2,3,1,5,4,1.33333333333333,3.375,7,1,4
1,1,1,2,3,2,2,3,4,5,50,50,0,2,2,2,2,"PC",7,8,3,3,3,3,7,7,NA,NA,1,72,"the homeless",146,2,3,1,4,4,3,3,3,3,5,4,2.16666666666667,3.625,7,0,3
1,1,1,2,3,2,2,2,3,3,34,33,33,5,3,2,2,"PC",5,5,3,5,4,2,7,7,NA,NA,1,100,"the homeless",147,1,2,1,5,5,3,3,3,2,5,5,1.83333333333333,3.875,7,0,3.66666666666667
1,1,1,1,1,1,2,2,3,1,25,50,25,4,5,2,2,"PC",6,8,3,3,3,4,7,7,1,1,NA,87,"the homeless",148,1,1,1,5,5,2,2,2,2,5,2,1,3.125,7,1,3.33333333333333
1,1,1,2,2,2,2,2,1,5,50,25,25,5,3,1,2,"Both",5,5,3,4,3,2,6,6,NA,1,NA,0,"people who experience housing insecurity",149,2,2,1,5,3,3,2,3,3,4,5,1.83333333333333,3.5,6,1,3
1,1,1,4,5,5,2,3,4,5,0,50,50,3,3,1,2,"PC",1,2,1,4,4,3,1,1,NA,NA,1,49,"the homeless",150,3,5,4,2,1,4,4,4,4,5,4,4.33333333333333,3.5,1,0,3.66666666666667
1,1,1,3,2,3,2,4,1,4,50,40,10,5,4,1,2,"PC",3,4,2,5,5,5,2,2,1,1,NA,23,"people who experience housing insecurity",151,1,1,1,4,3,2,2,4,2,5,4,1.83333333333333,3.25,2,1,5
1,1,1,3,4,2,2,4,4,5,45,45,10,3,2,2,2,"Both",2,3,1,3,3,4,2,1,NA,1,NA,60,"people who experience housing insecurity",152,2,3,2,4,3,4,4,3,4,2,5,2.66666666666667,3.625,1.5,1,3.33333333333333
1,1,1,3,2,1,2,2,4,1,34,33,33,5,1,1,1,"Both",6,9,2,5,3,1,4,4,1,NA,NA,100,"the homeless",153,2,1,1,5,5,1,3,3,3,5,1,1.66666666666667,3.25,4,1,3
1,3,1,2,1,2,2,2,4,5,40,30,30,5,4,2,2,"PC",7,5,3,4,3,3,7,7,NA,NA,1,24,"the homeless",154,1,2,2,5,5,3,3,3,2,4,4,1.66666666666667,3.625,7,0,3.33333333333333
1,1,1,4,4,3,2,4,4,5,25,25,50,4,2,1,2,"PIC",2,5,1,3,2,4,3,3,NA,NA,1,94,"the homeless",155,2,2,2,3,4,2,3,3,3,4,3,2.83333333333333,3.125,3,0,3
1,1,1,2,2,2,2,1,3,2,50,25,25,5,5,1,1,"Both",3,4,2,4,2,1,6,5,1,1,NA,38,"the homeless",156,1,1,1,5,5,3,3,3,2,5,4,1.5,3.75,5.5,1,2.33333333333333
1,1,3,4,3,4,2,4,3,2,30,30,40,3,1,1,2,"Both",4,3,2,5,4,4,3,2,NA,1,NA,82,"people who experience housing insecurity",157,2,3,1,2,2,4,4,4,4,5,5,2.83333333333333,3.75,2.5,1,4.33333333333333
1,1,1,1,1,2,2,5,3,3,33,33,34,4,4,2,2,"PC",5,3,2,5,5,1,4,4,NA,NA,1,80,"people who experience housing insecurity",159,3,2,2,5,5,3,4,4,3,5,4,1.83333333333333,4.125,4,0,3.66666666666667
1,1,1,2,2,2,2,4,4,4,25,25,50,5,3,2,2,"Both",4,8,3,4,5,3,2,2,NA,NA,1,46,"people who experience housing insecurity",160,2,2,2,3,4,4,4,5,3,5,5,2,4.125,2,0,4
1,1,1,1,4,4,2,4,4,4,30,40,30,5,2,1,1,"Both",2,8,3,4,5,5,6,6,NA,NA,1,72,"people who experience housing insecurity",161,1,1,1,5,1,5,4,5,4,5,5,2,4.25,6,0,4.66666666666667
1,1,1,4,4,3,2,4,4,1,100,0,0,5,4,1,1,"Both",2,3,2,4,4,5,2,1,NA,NA,1,72,"the homeless",162,2,4,1,5,5,4,3,4,3,5,5,3,4.25,1.5,0,4.33333333333333
1,1,1,3,3,2,2,3,1,3,20,70,10,3,3,2,2,"PC",5,4,3,3,3,3,4,5,NA,NA,1,59,"the homeless",163,3,3,3,3,3,4,4,3,3,3,3,2.83333333333333,3.25,4.5,0,3
1,1,1,3,5,5,2,4,4,5,0,50,50,5,4,1,1,"PIC",4,5,2,3,3,2,3,2,NA,NA,1,36,"the homeless",164,4,2,4,1,2,5,5,5,5,5,5,3.83333333333333,4.125,2.5,0,2.66666666666667
1,1,1,3,2,2,2,4,3,2,35,30,35,4,2,1,2,"PC",5,5,2,3,4,5,7,6,NA,NA,1,74,"the homeless",165,3,2,1,5,5,3,3,3,4,5,4,2.16666666666667,4,6.5,0,4
1,1,1,2,3,2,2,1,3,2,45,45,10,5,3,1,2,"PC",3,5,3,3,3,4,6,6,NA,NA,1,78,"people who experience housing insecurity",166,2,2,2,5,3,4,2,5,2,5,4,2.16666666666667,3.75,6,0,3.33333333333333
1,1,1,2,3,3,2,4,3,4,30,40,30,5,4,2,2,"PC",6,8,3,4,4,2,6,6,NA,1,NA,63,"the homeless",167,1,2,1,4,4,3,3,4,3,5,4,2,3.75,6,1,3.33333333333333
1,1,1,1,1,3,2,3,4,5,0,100,0,5,4,2,2,"Both",4,4,2,4,4,5,3,2,1,NA,NA,87,"people who experience housing insecurity",168,1,1,1,3,2,2,2,3,3,5,5,1.33333333333333,3.125,2.5,1,4.33333333333333
1,1,1,2,1,2,2,2,3,3,50,25,25,5,5,2,2,"PC",5,5,3,3,4,3,7,7,1,NA,NA,64,"people who experience housing insecurity",169,2,1,1,5,5,3,2,3,3,5,4,1.5,3.75,7,1,3.33333333333333
1,1,1,2,2,1,2,3,2,3,25,50,25,4,1,2,2,"PC",2,8,3,4,4,1,1,1,NA,NA,1,49,"people who experience housing insecurity",170,2,1,1,5,5,2,2,3,2,5,5,1.5,3.625,1,0,3
1,1,1,5,3,1,2,4,3,3,0,100,0,4,1,1,1,"Both",1,1,2,3,3,3,1,1,NA,NA,1,75,"people who experience housing insecurity",171,3,3,2,1,3,4,4,4,4,5,5,2.83333333333333,3.75,1,0,3
1,1,1,2,3,2,2,3,3,3,40,40,20,4,4,2,2,"PC",6,8,3,4,3,2,6,4,1,NA,NA,48,"people who experience housing insecurity",172,4,4,3,2,4,3,2,3,3,4,3,3,3,5,1,3
1,1,1,3,4,3,2,4,3,2,50,50,0,2,4,1,1,"PIC",3,3,2,3,3,5,3,3,NA,NA,1,50,"the homeless",173,2,3,3,5,5,3,3,5,3,5,4,3,4.125,3,0,3.66666666666667
1,1,1,2,1,1,2,1,2,2,50,50,0,4,3,2,2,"PC",4,5,2,3,3,2,6,6,1,1,NA,30,"people who experience housing insecurity",174,1,1,5,4,5,3,2,4,3,5,5,1.83333333333333,3.875,6,1,2.66666666666667
1,1,1,5,5,4,2,5,1,5,30,40,30,5,5,1,2,"Both",7,5,1,5,4,3,7,7,NA,1,NA,44,"the homeless",175,2,1,1,2,1,1,2,1,1,2,1,3,1.375,7,1,4
1,1,1,1,2,2,2,2,2,3,34,33,33,3,3,1,2,"Neither",5,5,3,4,3,3,6,6,NA,1,NA,73,"the homeless",176,1,3,1,5,5,3,3,3,3,3,3,1.66666666666667,3.5,6,1,3.33333333333333
1,1,1,1,1,1,2,3,3,1,34,33,33,5,3,2,2,"PC",7,9,3,5,5,5,6,6,NA,1,NA,100,"the homeless",177,3,1,1,5,5,2,2,2,1,5,3,1.33333333333333,3.125,6,1,5
1,1,1,2,2,2,2,2,2,2,40,20,40,4,2,2,2,"PC",4,4,2,3,2,3,6,6,NA,1,NA,61,"people who experience housing insecurity",178,1,2,1,4,3,3,3,3,3,4,4,1.66666666666667,3.375,6,1,2.66666666666667
1,1,1,3,4,2,2,2,4,5,0,0,100,4,3,2,2,"PC",6,9,3,4,3,3,6,6,NA,NA,1,87,"the homeless",179,1,4,1,5,5,4,3,5,3,5,4,2.5,4.25,6,0,3.33333333333333
1,1,1,2,3,2,2,2,3,2,33,33,34,3,3,1,1,"Both",5,5,3,3,3,3,6,6,NA,NA,1,57,"people who experience housing insecurity",180,1,2,1,5,5,3,3,5,3,5,4,1.83333333333333,4.125,6,0,3
1,1,1,2,3,3,2,2,4,5,33,33,34,4,2,1,1,"Both",4,4,3,4,3,2,7,6,NA,NA,1,22,"the homeless",181,1,2,1,5,4,4,2,4,3,5,4,2,3.875,6.5,0,3
1,1,1,1,3,1,2,4,3,3,75,25,0,5,4,1,1,"Both",7,8,3,4,3,3,7,7,NA,NA,1,100,"the homeless",182,1,4,1,5,5,3,3,4,3,5,3,1.83333333333333,3.875,7,0,3.33333333333333
1,1,1,3,3,3,2,2,3,4,20,50,30,3,3,1,1,"PC",1,2,1,4,4,2,1,1,NA,NA,1,72,"the homeless",183,2,2,1,4,3,3,3,4,3,5,5,2.33333333333333,3.75,1,0,3.33333333333333
1,1,1,2,1,1,2,2,3,2,50,25,25,4,4,2,2,"PC",6,8,3,4,4,4,7,7,1,NA,NA,72,"people who experience housing insecurity",184,1,1,1,5,5,2,1,3,1,5,2,1.16666666666667,3,7,1,4
1,1,1,1,1,1,2,4,2,4,60,20,20,5,4,2,2,"PC",6,9,3,5,4,3,7,7,NA,NA,1,69,"people who experience housing insecurity",185,1,1,1,5,5,1,1,2,2,4,2,1,2.75,7,0,4
1,1,1,3,2,3,2,2,3,3,33,33,34,3,3,1,2,"Both",4,4,2,3,3,4,1,2,1,NA,NA,49,"people who experience housing insecurity",186,2,2,1,3,4,3,3,4,3,5,4,2.16666666666667,3.625,1.5,1,3.33333333333333
1,1,1,3,2,2,2,4,3,3,50,50,0,3,2,1,1,"PIC",4,4,2,3,4,3,3,2,NA,NA,1,48,"the homeless",187,2,2,2,5,5,3,3,3,3,4,3,2.16666666666667,3.625,2.5,0,3.33333333333333
1,1,1,2,3,2,2,5,1,5,50,25,25,5,1,1,2,"Both",1,1,2,4,4,2,4,4,NA,NA,1,85,"people who experience housing insecurity",188,3,3,2,5,5,3,3,4,4,5,5,2.5,4.25,4,0,3.33333333333333
1,1,1,2,1,2,2,2,3,3,40,50,10,4,4,1,2,"Both",6,5,3,4,3,2,2,2,NA,1,NA,19,"the homeless",189,2,2,3,5,5,3,3,3,3,5,3,2,3.75,2,1,3
1,1,1,1,1,2,2,4,3,4,50,40,10,2,2,2,2,"PC",1,1,1,5,5,5,1,1,NA,NA,1,86,"people who experience housing insecurity",190,1,1,2,4,5,3,3,3,2,4,5,1.33333333333333,3.625,1,0,5
1,1,1,2,4,4,2,2,3,3,50,30,20,5,2,1,1,"PC",1,2,1,3,3,4,1,5,NA,1,NA,48,"the homeless",191,1,4,2,4,4,3,3,4,3,5,4,2.83333333333333,3.75,3,1,3.33333333333333
1,1,1,2,2,2,2,4,3,3,40,40,20,3,3,1,2,"PC",5,5,3,4,4,2,7,7,NA,NA,1,85,"the homeless",192,1,1,1,4,4,3,3,4,3,5,5,1.5,3.875,7,0,3.33333333333333
1,1,1,3,2,2,2,2,1,3,25,50,25,5,4,2,2,"PC",4,4,2,3,5,5,1,1,NA,NA,1,51,"people who experience housing insecurity",193,2,2,1,1,4,2,3,3,3,4,3,2,2.875,1,0,4.33333333333333
1,1,1,3,2,2,2,2,3,3,75,25,0,5,5,2,2,"PC",7,8,3,5,1,2,7,7,1,NA,NA,46,"the homeless",194,1,1,1,5,5,1,1,2,1,5,3,1.66666666666667,2.875,7,1,2.66666666666667
1,1,1,4,1,3,2,2,3,4,60,20,20,1,2,1,1,"Both",4,2,2,4,3,1,3,3,NA,NA,1,90,"the homeless",195,2,1,3,3,5,2,2,4,2,5,3,2.33333333333333,3.25,3,0,2.66666666666667
1,1,1,4,3,4,2,3,4,2,60,30,10,4,2,2,2,"Both",1,4,1,3,3,2,3,2,NA,1,NA,18,"the homeless",196,2,3,1,3,3,3,2,3,3,5,4,2.83333333333333,3.25,2.5,1,2.66666666666667
1,1,1,1,1,1,2,2,1,3,35,35,30,5,5,2,2,"PC",6,8,3,5,4,2,7,7,1,1,NA,35,"people who experience housing insecurity",197,1,1,1,5,1,2,1,3,1,4,3,1,2.5,7,1,3.66666666666667
1,1,1,2,1,1,2,2,1,3,50,25,25,5,3,1,2,"Both",5,8,3,4,4,5,7,6,NA,1,NA,56,"people who experience housing insecurity",198,1,1,1,5,5,2,1,3,1,4,5,1.16666666666667,3.25,6.5,1,4.33333333333333
1,1,3,1,2,1,2,2,2,3,35,25,40,5,4,2,2,"Both",3,4,2,4,4,2,5,5,1,NA,NA,24,"people who experience housing insecurity",199,2,2,2,4,2,2,1,3,2,4,4,1.66666666666667,2.75,5,1,3.33333333333333
1,1,1,2,2,2,2,3,3,4,50,50,0,4,4,2,2,"PC",6,8,3,4,4,4,6,6,NA,1,NA,96,"the homeless",200,2,2,2,5,5,2,2,4,2,4,3,2,3.375,6,1,4
1,1,1,2,2,2,2,4,2,5,35,35,30,5,5,2,2,"Both",4,8,2,5,4,3,7,7,NA,1,NA,48,"people who experience housing insecurity",201,2,2,1,5,5,2,2,3,3,4,3,1.83333333333333,3.375,7,1,4
1,1,3,2,1,1,2,1,1,3,40,50,10,5,5,2,2,"PC",4,5,2,4,4,5,6,6,1,1,NA,100,"people who experience housing insecurity",202,2,1,1,5,5,1,2,3,1,4,4,1.33333333333333,3.125,6,1,4.33333333333333
1,1,1,2,2,4,2,2,3,3,33,34,33,3,3,2,2,"PC",4,4,2,4,3,3,4,3,NA,1,NA,48,"people who experience housing insecurity",203,2,2,2,4,4,3,3,3,3,5,4,2.33333333333333,3.625,3.5,1,3.33333333333333
1,1,1,4,5,5,2,4,4,4,25,50,25,5,4,1,2,"PC",2,5,2,4,3,2,6,2,NA,NA,1,26,"the homeless",204,1,3,2,5,5,5,4,4,4,5,4,3.33333333333333,4.5,4,0,3
1,1,1,2,2,2,2,1,4,5,30,70,0,5,4,1,1,"PIC",5,4,2,4,5,5,2,2,NA,NA,1,24,"the homeless",205,2,3,1,5,5,4,3,4,4,5,5,2,4.375,2,0,4.66666666666667
1,1,1,1,3,4,2,2,4,4,50,50,0,4,1,1,1,"PC",2,2,2,4,3,3,2,2,NA,1,NA,24,"people who experience housing insecurity",206,1,2,2,3,3,2,2,2,2,5,5,2.16666666666667,3,2,1,3.33333333333333
1,1,1,1,1,1,2,2,3,4,50,30,20,5,3,1,1,"Both",6,8,3,4,3,2,7,7,1,1,NA,71,"people who experience housing insecurity",207,2,1,1,5,3,2,2,3,2,4,3,1.16666666666667,3,7,1,3
1,1,1,3,4,2,2,2,3,4,33,33,34,3,5,2,2,"Both",7,8,2,4,3,3,7,7,1,NA,NA,53,"the homeless",208,1,3,2,5,4,3,3,3,2,5,3,2.5,3.5,7,1,3.33333333333333
1,1,1,4,5,4,2,2,4,5,10,75,15,4,4,1,1,"Both",4,1,1,4,5,1,2,2,1,NA,NA,100,"the homeless",209,1,5,5,3,5,4,5,5,5,5,5,4,4.625,2,1,3.33333333333333
1,1,1,2,3,2,2,2,3,2,40,50,10,4,2,2,2,"Both",4,4,2,3,5,2,5,5,NA,1,NA,73,"the homeless",210,1,1,1,5,5,2,2,2,2,5,4,1.66666666666667,3.375,5,1,3.33333333333333
1,1,1,2,1,1,2,4,3,3,30,40,30,5,2,2,2,"PC",5,5,2,4,4,2,2,2,1,1,NA,93,"people who experience housing insecurity",211,2,1,1,4,2,3,1,3,1,4,4,1.33333333333333,2.75,2,1,3.33333333333333
1,1,1,4,4,3,2,3,3,3,50,50,0,4,3,1,2,"PC",3,5,3,3,2,1,2,2,NA,1,NA,53,"people who experience housing insecurity",212,2,3,4,2,2,3,4,4,3,5,5,3.33333333333333,3.5,2,1,2
1,1,1,3,2,3,2,3,2,4,60,30,10,2,2,2,2,"PC",4,5,3,3,3,4,6,5,1,1,NA,45,"people who experience housing insecurity",213,2,3,2,5,5,3,2,3,2,4,5,2.5,3.625,5.5,1,3.33333333333333
1,1,1,2,3,3,2,2,1,4,100,0,0,3,2,1,1,"PC",1,1,1,3,1,1,1,1,NA,1,NA,15,"people who experience housing insecurity",214,3,3,1,5,1,3,3,3,4,4,3,2.5,3.25,1,1,1.66666666666667
1,1,1,2,2,2,2,2,3,4,40,40,20,4,3,2,2,"PC",6,8,3,4,3,4,7,7,NA,NA,1,37,"the homeless",215,1,3,1,5,5,3,3,4,3,5,5,1.83333333333333,4.125,7,0,3.66666666666667
1,1,1,2,2,1,2,2,3,5,45,45,10,5,3,2,2,"PC",4,8,3,3,3,4,7,6,NA,1,NA,26,"people who experience housing insecurity",216,1,1,2,4,3,3,3,3,1,5,2,1.5,3,6.5,1,3.33333333333333
1,1,1,3,1,2,2,3,4,1,25,50,25,4,4,1,2,"Both",7,9,3,5,5,3,1,1,NA,NA,1,83,"the homeless",217,2,2,2,5,5,3,2,2,2,5,3,2,3.375,1,0,4.33333333333333
1,1,1,4,4,4,2,5,4,5,40,40,20,4,3,1,2,"Both",3,5,2,4,5,4,6,6,1,1,NA,13,"the homeless",218,2,2,2,4,5,5,5,5,5,5,5,3,4.875,6,1,4.33333333333333
1,1,1,3,3,2,2,2,3,1,37.5,37.5,25,3,4,2,2,"PC",2,3,2,4,3,1,2,2,NA,1,NA,59,"the homeless",219,4,3,3,5,5,3,3,3,3,5,3,3,3.75,2,1,2.66666666666667
1,1,1,2,2,1,2,4,3,2,30,50,20,4,4,1,2,"PC",6,4,3,3,2,1,2,2,1,NA,NA,71,"people who experience housing insecurity",220,2,3,2,4,4,4,4,3,3,4,5,2,3.875,2,1,2
1,1,1,2,4,4,2,4,3,3,20,70,10,5,5,2,2,"PC",7,9,3,5,5,2,5,4,NA,1,NA,47,"the homeless",221,1,2,2,3,3,5,1,3,1,1,4,2.5,2.625,4.5,1,4
1,1,1,3,2,2,2,2,3,2,35,40,25,5,4,2,2,"PC",7,8,2,4,5,4,6,6,NA,NA,1,87,"people who experience housing insecurity",222,2,2,2,3,5,3,3,4,3,4,5,2.16666666666667,3.75,6,0,4.33333333333333
1,1,1,1,1,1,2,1,3,3,100,0,0,5,5,2,2,"Both",7,8,3,4,4,5,7,7,1,NA,NA,65,"people who experience housing insecurity",224,1,1,1,5,5,1,1,3,1,5,1,1,2.75,7,1,4.33333333333333
1,1,1,1,2,1,2,2,2,2,34,33,33,2,2,2,2,"Both",5,5,3,4,3,5,7,7,NA,1,NA,58,"the homeless",225,1,4,2,5,5,2,2,2,2,4,4,1.83333333333333,3.25,7,1,4
1,1,1,2,2,1,2,2,2,4,50,25,25,5,5,2,2,"Both",7,8,3,4,3,3,7,6,NA,1,NA,73,"people who experience housing insecurity",226,2,1,1,5,5,2,2,3,2,4,4,1.5,3.375,6.5,1,3.33333333333333
1,1,1,2,1,1,2,2,3,4,100,0,0,5,5,1,1,"PIC",1,1,2,3,3,1,2,2,1,1,NA,58,"people who experience housing insecurity",227,2,1,1,5,5,3,3,4,3,5,4,1.33333333333333,4,2,1,2.33333333333333
1,1,1,1,1,1,2,2,3,5,75,10,15,4,3,2,2,"PC",5,8,3,5,5,1,4,5,NA,1,NA,26,"the homeless",228,1,1,1,5,5,1,1,2,2,5,5,1,3.25,4.5,1,3.66666666666667
1,1,1,4,2,1,2,4,2,5,40,50,10,2,3,2,2,"PC",5,5,2,4,3,3,5,5,NA,1,NA,38,"people who experience housing insecurity",229,2,1,1,5,5,3,2,3,3,5,4,1.83333333333333,3.75,5,1,3.33333333333333
1,1,1,2,2,2,2,5,3,4,60,30,10,4,4,2,2,"PC",6,8,3,4,4,2,4,4,NA,1,NA,24,"the homeless",230,4,4,2,5,5,3,2,3,2,5,4,2.66666666666667,3.625,4,1,3.33333333333333
1,1,1,5,4,1,2,5,4,4,50,50,0,5,3,1,2,"Both",1,4,1,4,2,1,1,1,NA,1,NA,48,"people who experience housing insecurity",231,3,4,1,5,5,2,3,4,3,5,3,3,3.75,1,1,2.33333333333333
1,1,1,4,5,2,2,4,4,1,0,100,0,4,2,2,2,"Both",4,5,2,3,4,1,1,1,NA,NA,1,13,"the homeless",232,2,5,3,2,5,4,4,3,4,5,4,3.5,3.875,1,0,2.66666666666667
1,1,1,1,1,1,2,4,3,4,25,50,25,5,5,2,2,"PC",5,4,2,4,3,3,5,5,NA,NA,1,66,"people who experience housing insecurity",233,4,1,1,5,5,2,1,3,1,3,2,1.5,2.75,5,0,3.33333333333333
1,1,1,3,2,2,2,3,4,5,100,0,0,5,1,1,1,"PIC",4,2,2,3,3,1,4,4,NA,NA,1,43,"the homeless",234,3,2,2,5,5,2,3,3,2,4,5,2.33333333333333,3.625,4,0,2.33333333333333
1,1,1,3,2,3,2,4,4,5,33,34,33,4,3,1,2,"Both",1,3,1,4,3,2,2,1,1,1,NA,49,"people who experience housing insecurity",235,2,1,2,3,3,2,4,4,5,5,3,2.16666666666667,3.625,1.5,1,3
1,1,1,4,2,1,2,4,3,4,45,45,10,4,3,2,2,"Neither",3,4,3,4,4,3,6,5,NA,1,NA,55,"people who experience housing insecurity",236,2,2,3,5,5,3,2,3,3,5,3,2.33333333333333,3.625,5.5,1,3.66666666666667
1,1,1,1,1,1,2,2,3,1,50,25,25,5,5,2,2,"PC",4,8,3,3,5,3,6,7,1,1,NA,75,"people who experience housing insecurity",237,1,1,1,5,5,1,1,1,1,5,5,1,3,6.5,1,3.66666666666667
1,3,1,3,5,4,2,2,4,3,50,40,10,4,2,2,2,"PC",4,3,1,3,4,4,5,2,NA,NA,1,62,"the homeless",238,2,4,2,3,3,3,2,4,3,5,2,3.33333333333333,3.125,3.5,0,3.66666666666667
1,1,1,2,2,2,2,2,3,5,33,34,33,4,3,2,2,"Both",5,8,3,3,3,2,7,7,1,1,NA,40,"the homeless",239,1,1,1,5,5,2,2,3,2,4,4,1.5,3.375,7,1,2.66666666666667
1,1,1,4,4,2,2,4,3,3,33,34,33,3,3,2,2,"PC",3,5,2,4,3,1,5,5,NA,NA,1,83,"the homeless",240,2,2,2,4,2,3,3,4,3,5,4,2.66666666666667,3.5,5,0,2.66666666666667
1,1,1,1,2,2,2,4,2,5,33,33,34,4,3,2,2,"PC",4,5,3,3,2,3,5,5,1,1,NA,61,"people who experience housing insecurity",241,1,2,1,5,4,3,3,3,3,5,4,1.5,3.75,5,1,2.66666666666667
1,1,1,3,4,3,2,4,1,3,30,40,30,4,3,2,2,"PC",5,4,3,4,4,3,7,7,NA,1,1,NA,"people who experience housing insecurity",242,3,3,2,2,2,2,3,4,3,2,3,3,2.625,7,1,3.66666666666667
1,1,1,2,2,3,2,2,3,5,80,5,15,3,2,2,2,"PC",4,8,3,3,5,2,6,6,NA,1,NA,42,"the homeless",243,1,2,2,4,5,3,3,3,3,5,5,2,3.875,6,1,3.33333333333333
1,1,1,1,2,3,2,2,3,1,100,0,0,2,2,1,2,"PC",6,5,3,4,3,2,6,6,NA,1,NA,66,"the homeless",245,2,2,1,5,5,2,3,3,3,5,4,1.83333333333333,3.75,6,1,3
1,1,1,3,2,3,2,4,4,2,30,40,30,4,4,2,2,"PC",4,4,2,3,3,1,2,2,NA,1,NA,72,"the homeless",246,2,1,1,4,5,3,3,4,3,5,5,2,4,2,1,2.33333333333333
1,1,1,3,3,2,2,2,3,3,50,10,40,5,4,1,2,"PIC",5,3,2,4,3,2,6,6,NA,NA,1,51,"people who experience housing insecurity",247,2,4,2,2,4,4,4,4,4,5,5,2.66666666666667,4,6,0,3
1,1,1,4,3,3,2,4,4,1,50,0,50,5,1,1,1,"PC",1,1,2,5,4,4,1,1,NA,NA,1,24,"the homeless",248,2,2,2,3,3,4,4,4,3,5,5,2.66666666666667,3.875,1,0,4.33333333333333
1,1,1,1,1,1,2,1,3,5,100,0,0,5,4,1,1,"PIC",2,4,1,4,4,3,7,7,NA,NA,1,88,"people who experience housing insecurity",249,1,1,1,5,5,2,2,3,3,5,4,1,3.625,7,0,3.66666666666667
1,1,1,1,2,2,2,3,3,3,70,25,5,5,4,2,2,"PC",6,8,3,3,3,4,7,6,NA,NA,1,32,"people who experience housing insecurity",250,1,2,1,5,5,2,1,3,2,4,5,1.5,3.375,6.5,0,3.33333333333333
1,1,1,4,4,2,2,5,4,2,25,50,25,4,1,1,1,"PIC",1,1,1,3,4,1,1,1,NA,NA,1,54,"people who experience housing insecurity",252,5,3,3,2,2,4,3,5,4,5,4,3.5,3.625,1,0,2.66666666666667
1,1,1,4,3,3,2,3,2,3,40,40,20,4,3,2,2,"PC",4,5,3,4,3,3,6,3,NA,1,NA,73,"the homeless",253,1,2,1,4,3,3,3,4,3,4,4,2.33333333333333,3.5,4.5,1,3.33333333333333
1,1,1,5,1,1,2,4,3,2,50,40,10,4,4,1,2,"PIC",7,9,3,5,4,1,1,1,NA,NA,1,22,"the homeless",254,1,1,5,5,1,5,2,5,2,5,5,2.33333333333333,3.75,1,0,3.33333333333333
1,1,1,1,2,1,2,4,3,3,50,50,0,5,4,2,2,"PC",6,9,3,3,2,5,1,1,NA,1,NA,51,"people who experience housing insecurity",255,5,3,3,3,5,3,2,3,3,2,3,2.5,3,1,1,3.33333333333333
1,1,1,2,5,5,2,3,3,1,15,70,15,4,3,1,2,"PC",4,3,2,3,3,4,5,4,NA,NA,1,75,"the homeless",256,2,3,3,4,4,4,3,4,4,5,5,3.33333333333333,4.125,4.5,0,3.33333333333333
1,1,1,1,1,1,2,4,3,5,30,30,40,5,5,2,2,"PC",6,5,3,3,3,3,7,7,1,1,NA,83,"people who experience housing insecurity",257,1,1,1,5,5,2,2,3,3,5,4,1,3.625,7,1,3
1,1,1,2,1,1,2,2,2,2,34,33,33,4,3,1,1,"PC",5,8,3,2,3,5,6,6,1,NA,NA,41,"people who experience housing insecurity",258,1,1,1,4,5,2,2,3,2,4,4,1.16666666666667,3.25,6,1,3.33333333333333
1,1,1,2,2,2,2,4,3,3,50,25,25,2,2,2,2,"Both",5,4,3,4,4,3,5,5,NA,NA,1,35,"people who experience housing insecurity",259,2,2,5,4,4,2,3,2,3,3,4,2.5,3.125,5,0,3.66666666666667
1,1,1,2,4,4,2,2,4,5,33,33,34,4,4,1,1,"Both",2,8,3,5,4,5,6,6,1,NA,NA,73,"the homeless",260,1,2,2,5,5,3,2,3,3,5,3,2.5,3.625,6,1,4.66666666666667
1,1,1,5,4,4,2,3,1,5,40,30,30,4,4,2,1,"Both",4,8,3,5,5,4,1,1,1,NA,NA,99,"the homeless",261,1,2,1,2,2,2,1,2,1,2,1,2.83333333333333,1.625,1,1,4.66666666666667
1,1,1,2,2,2,2,4,4,3,50,50,0,4,3,1,1,"PC",3,4,2,4,4,4,2,5,NA,NA,1,48,"the homeless",262,1,2,1,5,5,3,2,3,2,5,3,1.66666666666667,3.5,3.5,0,4
1,1,1,4,4,4,2,4,4,4,25,25,50,4,2,1,1,"PIC",1,2,1,3,2,1,1,2,NA,NA,1,23,"the homeless",263,4,4,4,1,2,4,4,4,4,5,4,4,3.5,1.5,0,2
1,1,1,5,5,5,2,5,4,5,45,45,10,5,1,1,1,"Both",2,5,2,3,3,2,2,1,NA,NA,1,10,"the homeless",264,4,4,4,1,1,5,5,3,4,5,5,4.5,3.625,1.5,0,2.66666666666667
1,1,1,2,2,2,2,2,3,3,30,10,60,4,3,2,2,"Both",5,8,3,4,4,4,6,6,NA,1,NA,51,"people who experience housing insecurity",265,2,2,2,4,4,2,2,3,2,4,3,2,3,6,1,4
1,1,1,4,3,2,2,4,4,4,60,20,20,5,2,1,2,"PC",1,1,1,4,4,2,1,1,NA,NA,1,89,"people who experience housing insecurity",266,1,4,1,5,5,5,4,5,4,5,5,2.5,4.75,1,0,3.33333333333333
1,1,1,1,1,2,2,2,3,1,30,50,20,5,5,2,2,"PIC",6,5,3,4,4,1,2,1,NA,1,NA,80,"the homeless",267,1,1,2,4,5,4,3,3,3,5,3,1.33333333333333,3.75,1.5,1,3
1,1,1,4,3,3,2,3,3,4,50,50,0,5,5,2,2,"PC",4,4,3,3,4,4,2,2,NA,NA,1,72,"people who experience housing insecurity",268,1,2,2,1,2,3,3,4,3,4,4,2.5,3,2,0,3.66666666666667
1,1,1,5,4,2,2,5,4,5,10,80,10,2,2,1,1,"Both",3,4,2,4,3,2,7,7,NA,1,NA,72,"people who experience housing insecurity",269,1,4,1,4,3,4,3,4,3,5,4,2.83333333333333,3.75,7,1,3
1,1,1,1,3,1,2,2,3,3,100,0,0,4,1,1,2,"Both",2,2,1,4,4,1,3,1,NA,NA,1,15,"people who experience housing insecurity",270,2,1,1,3,4,3,2,4,2,5,5,1.5,3.5,2,0,3
1,1,1,1,1,1,2,3,4,5,30,50,20,3,4,1,2,"Both",5,5,3,5,5,1,6,6,NA,NA,1,77,"the homeless",271,1,1,1,5,5,3,2,4,3,3,3,1,3.5,6,0,3.66666666666667
1,1,1,3,1,2,2,4,1,3,35,35,30,5,3,2,2,"Both",5,9,2,4,4,1,1,1,NA,NA,1,64,"the homeless",272,2,2,1,4,4,2,3,2,2,2,2,1.83333333333333,2.625,1,0,3
1,1,1,2,3,2,2,3,3,2,33,34,33,5,1,2,2,"PC",6,5,3,4,3,3,5,4,NA,NA,1,72,"the homeless",273,1,3,1,5,5,3,3,3,3,5,5,2,4,4.5,0,3.33333333333333
1,1,1,3,4,3,2,4,4,2,50,50,0,3,2,2,2,"PC",1,3,2,4,4,4,2,1,NA,NA,1,56,"the homeless",274,2,3,2,4,4,4,4,4,4,5,5,2.83333333333333,4.25,1.5,0,4
1,1,1,3,1,2,2,4,2,2,50,40,10,3,1,2,2,"Both",3,3,2,3,3,2,2,2,NA,NA,1,31,"people who experience housing insecurity",275,2,2,1,2,3,3,2,4,2,5,4,1.83333333333333,3.125,2,0,2.66666666666667
1,1,1,3,1,3,2,4,3,4,40,40,20,5,2,2,2,"PC",6,8,3,4,4,2,5,5,NA,1,NA,37,"people who experience housing insecurity",276,1,1,1,5,5,3,3,3,2,4,4,1.66666666666667,3.625,5,1,3.33333333333333
1,1,1,1,1,1,2,2,3,4,50,0,50,4,4,2,2,"Both",2,4,2,4,2,1,6,6,NA,NA,1,47,"people who experience housing insecurity",277,1,1,1,5,5,3,2,3,3,4,3,1,3.5,6,0,2.33333333333333
1,1,1,1,1,1,2,4,3,4,65,35,0,5,1,1,2,"PC",1,2,1,3,3,1,2,2,NA,1,NA,60,"the homeless",278,1,1,1,5,5,2,2,3,2,4,3,1,3.25,2,1,2.33333333333333
1,1,1,4,5,4,2,4,2,3,50,49,1,5,5,1,2,"PIC",4,1,1,4,4,4,3,1,NA,1,NA,26,"the homeless",279,1,3,1,5,5,2,2,3,3,5,3,3,3.5,2,1,4
1,1,1,1,2,2,2,2,3,1,40,45,15,3,5,2,2,"PC",5,5,3,4,5,3,7,7,NA,1,NA,37,"the homeless",280,1,2,2,5,4,1,1,1,1,4,3,1.66666666666667,2.5,7,1,4
1,1,1,3,2,3,2,4,4,3,40,40,20,4,2,2,2,"Both",2,2,1,4,4,4,1,3,NA,NA,1,62,"people who experience housing insecurity",281,2,2,3,3,3,3,3,3,3,4,4,2.5,3.25,2,0,4
1,1,1,4,3,2,2,4,4,4,25,40,35,4,2,1,2,"PIC",2,3,1,3,4,2,2,2,NA,NA,1,48,"the homeless",282,2,2,2,3,5,3,3,4,3,5,4,2.5,3.75,2,0,3
1,1,1,2,2,3,2,2,3,3,40,30,30,4,3,1,2,"Both",1,2,3,4,4,2,5,3,NA,1,NA,31,"the homeless",283,2,2,2,4,4,3,3,4,2,5,4,2.16666666666667,3.625,4,1,3.33333333333333
1,1,1,2,1,1,2,4,1,1,30,30,40,4,3,1,1,"Both",1,1,2,5,1,1,1,1,1,NA,NA,33,"people who experience housing insecurity",284,2,1,2,4,3,3,3,3,3,4,3,1.5,3.25,1,1,2.33333333333333
1,1,1,2,3,2,2,4,3,2,30,30,40,3,1,1,1,"Both",4,5,2,3,2,3,6,6,NA,NA,1,39,"the homeless",285,1,3,2,4,3,4,3,4,3,5,4,2.16666666666667,3.75,6,0,2.66666666666667
1,1,1,5,5,4,2,4,4,1,50,50,0,5,4,1,1,"PIC",1,2,2,3,3,2,1,1,NA,NA,1,74,"people who experience housing insecurity",286,2,4,4,2,3,4,3,4,3,5,5,4,3.625,1,0,2.66666666666667
1,1,1,3,3,3,2,4,3,2,10,20,70,3,2,1,2,"PC",3,5,1,4,4,2,4,3,NA,NA,1,72,"people who experience housing insecurity",287,1,3,3,2,2,3,3,4,3,5,4,2.66666666666667,3.25,3.5,0,3.33333333333333
1,1,1,4,5,3,2,4,2,4,40,30,30,5,4,1,2,"Both",6,8,3,5,5,3,1,1,1,NA,NA,73,"the homeless",288,2,1,3,3,5,1,2,3,2,4,2,3,2.75,1,1,4.33333333333333
1,1,1,3,4,3,2,2,4,3,50,50,0,4,2,1,2,"Both",3,4,3,3,3,2,5,4,NA,NA,1,47,"people who experience housing insecurity",289,1,2,4,2,3,4,3,4,3,5,5,2.83333333333333,3.625,4.5,0,2.66666666666667
1,1,1,3,2,3,2,3,4,1,40,40,20,5,2,1,2,"Both",4,4,2,3,3,2,4,4,NA,1,NA,48,"the homeless",291,2,1,1,3,5,3,3,4,3,5,4,2,3.75,4,1,2.66666666666667
1,1,1,4,3,3,2,5,3,2,0,0,100,4,1,1,2,"Both",2,4,2,3,4,4,5,1,NA,NA,1,1,"people who experience housing insecurity",292,3,3,2,2,4,3,2,2,2,3,3,3,2.625,3,0,3.66666666666667
1,1,1,2,1,1,2,4,2,4,60,30,10,4,5,2,2,"PC",6,8,3,4,5,2,1,1,NA,1,1,55,"people who experience housing insecurity",293,1,2,2,5,4,2,3,4,2,5,2,1.5,3.375,1,1,3.66666666666667
1,1,1,1,1,2,2,3,3,5,60,35,5,4,4,2,2,"PC",7,8,3,5,4,2,1,1,NA,1,NA,83,"the homeless",294,2,2,2,5,4,3,4,4,3,5,1,1.66666666666667,3.625,1,1,3.66666666666667
1,1,1,4,5,3,2,4,2,3,40,30,30,5,4,2,2,"Both",7,8,3,4,5,4,1,1,NA,1,NA,82,"people who experience housing insecurity",295,2,1,3,4,5,1,2,2,2,4,2,3,2.75,1,1,4.33333333333333
1,3,1,4,3,3,2,4,4,3,30,40,30,4,2,2,2,"Both",4,3,2,4,3,2,3,3,NA,NA,1,56,"people who experience housing insecurity",296,1,2,2,2,1,3,1,3,2,4,3,2.5,2.375,3,0,3
1,1,1,3,2,5,2,4,4,3,25,50,25,4,3,1,2,"Both",1,2,1,4,4,2,2,2,NA,NA,1,20,"the homeless",297,1,1,1,4,4,2,3,3,3,4,4,2.16666666666667,3.375,2,0,3.33333333333333
1,1,1,2,2,2,2,2,3,5,60,20,20,5,5,1,1,"PIC",1,1,1,4,3,4,2,2,1,NA,NA,100,"the homeless",298,1,2,1,5,5,3,3,3,2,5,4,1.66666666666667,3.75,2,1,3.66666666666667
1,1,1,5,2,2,2,4,3,3,30,40,30,5,5,2,2,"PIC",6,9,3,5,5,5,1,1,1,NA,1,69,"the homeless",299,2,1,2,2,2,4,3,4,2,2,2,2.33333333333333,2.625,1,1,5
1,1,1,5,5,4,2,5,4,3,0,0,100,5,5,1,2,"PC",6,8,3,5,5,4,1,1,NA,1,NA,50,"the homeless",300,2,5,5,1,2,4,4,4,4,4,4,4.33333333333333,3.375,1,1,4.66666666666667
1,1,1,3,1,2,2,2,2,4,30,40,30,4,3,1,1,"PIC",1,2,1,4,4,2,3,3,NA,1,NA,43,"the homeless",301,1,1,1,4,5,3,2,2,2,4,3,1.5,3.125,3,1,3.33333333333333
1,1,1,1,1,3,2,2,4,5,35,35,30,5,2,1,1,"Both",2,2,2,4,4,4,2,2,NA,1,NA,61,"the homeless",302,1,1,1,4,5,3,3,3,3,5,5,1.33333333333333,3.875,2,1,4
1,1,1,2,4,4,2,4,3,3,30,50,20,3,3,2,2,"PC",6,8,2,4,3,2,2,2,NA,NA,1,63,"people who experience housing insecurity",303,3,3,2,3,3,4,3,4,4,3,4,3,3.5,2,0,3
1,1,1,3,2,2,2,2,3,3,50,30,20,5,3,1,2,"PC",6,5,3,4,4,1,2,2,NA,NA,1,49,"people who experience housing insecurity",304,3,2,2,4,4,1,1,3,2,5,4,2.33333333333333,3,2,0,3
1,1,1,1,4,4,2,2,4,2,50,40,10,3,2,2,2,"Neither",2,5,3,3,5,5,3,1,NA,1,NA,50,"the homeless",305,1,4,2,5,5,4,3,4,4,5,5,2.66666666666667,4.375,2,1,4.33333333333333
1,1,1,2,2,2,2,2,3,2,20,35,45,5,4,1,2,"PC",6,5,3,4,5,3,6,6,NA,NA,1,14,"people who experience housing insecurity",306,1,3,5,4,3,3,3,3,3,4,5,2.5,3.5,6,0,4
1,1,1,2,2,2,2,5,3,2,40,40,20,5,4,2,1,"PC",7,9,3,5,4,4,7,7,NA,NA,1,74,"the homeless",307,2,2,1,4,4,4,3,2,2,5,3,1.83333333333333,3.375,7,0,4.33333333333333
1,1,1,2,1,2,2,2,2,4,30,50,20,3,3,2,2,"PC",4,3,2,4,5,1,3,1,1,1,NA,48,"people who experience housing insecurity",308,2,1,1,5,5,3,1,3,1,4,5,1.5,3.375,2,1,3.33333333333333
1,1,1,2,1,1,2,3,3,4,70,10,20,5,4,2,2,"PC",5,5,3,3,3,2,7,6,NA,NA,1,73,"people who experience housing insecurity",309,1,1,1,5,5,2,2,4,2,4,3,1.16666666666667,3.375,6.5,0,2.66666666666667
1,1,1,2,2,2,2,2,3,4,75,25,0,5,3,1,2,"PC",6,8,3,4,4,5,7,7,1,1,NA,76,"people who experience housing insecurity",310,1,2,1,5,4,3,2,4,3,5,5,1.66666666666667,3.875,7,1,4.33333333333333
1,1,1,2,1,2,2,4,3,3,40,30,30,4,3,2,2,"PC",5,5,3,4,3,3,3,5,1,1,NA,57,"people who experience housing insecurity",311,2,1,1,3,3,3,2,3,2,4,3,1.5,2.875,4,1,3.33333333333333
1,1,1,1,1,1,2,4,3,5,20,40,40,5,2,1,2,"PIC",4,1,2,5,5,3,1,1,1,1,NA,98,"people who experience housing insecurity",312,1,1,1,3,5,2,2,2,1,5,4,1,3,1,1,4.33333333333333
1,1,1,2,1,1,2,4,3,3,50,50,0,5,5,2,2,"PC",5,5,3,4,4,3,2,2,1,1,NA,48,"people who experience housing insecurity",313,1,1,1,5,5,3,2,3,1,4,3,1.16666666666667,3.25,2,1,3.66666666666667
1,1,1,4,3,2,2,3,2,4,50,50,0,4,1,1,2,"PC",1,2,1,3,2,3,2,1,1,NA,NA,72,"people who experience housing insecurity",315,1,3,3,3,4,3,3,3,3,5,5,2.66666666666667,3.625,1.5,1,2.66666666666667
1,1,1,3,2,2,2,4,3,3,0,100,0,5,1,1,1,"Neither",1,1,1,4,3,1,1,2,NA,NA,1,100,"people who experience housing insecurity",316,2,2,2,5,3,3,3,4,3,5,4,2.16666666666667,3.75,1.5,0,2.66666666666667
1,1,1,4,3,3,2,4,2,2,40,30,30,3,4,2,1,"PC",6,8,3,5,4,4,1,1,NA,NA,1,62,"people who experience housing insecurity",317,2,2,2,2,3,2,3,3,3,3,2,2.66666666666667,2.625,1,0,4.33333333333333
1,1,1,2,1,1,2,1,2,4,80,10,10,5,5,2,2,"PC",5,4,3,3,1,3,2,3,NA,1,NA,88,"people who experience housing insecurity",318,5,2,1,5,5,2,2,2,2,3,3,2,3,2.5,1,2.33333333333333
1,1,1,4,3,3,2,3,4,4,30,30,40,4,1,1,1,"Both",1,1,2,4,2,3,1,1,NA,NA,1,55,"the homeless",319,3,1,3,2,3,3,2,3,3,5,5,2.83333333333333,3.25,1,0,3
1,1,1,2,1,4,2,3,3,4,50,25,25,5,3,2,2,"PC",2,2,2,3,4,2,4,2,1,1,NA,70,"people who experience housing insecurity",320,2,1,3,4,4,4,4,4,3,4,3,2.16666666666667,3.75,3,1,3
1,1,1,2,3,3,2,3,3,4,25,25,50,3,1,1,2,"Both",3,3,2,3,3,2,6,4,NA,NA,1,25,"the homeless",321,3,2,2,3,5,3,3,3,3,5,5,2.5,3.75,5,0,2.66666666666667
1,1,1,2,1,2,2,2,3,4,40,30,30,5,3,2,2,"PC",4,4,3,3,4,1,7,7,1,1,NA,69,"people who experience housing insecurity",322,1,2,1,5,5,3,3,3,3,5,5,1.5,4,7,1,2.66666666666667
1,1,1,3,2,2,2,3,3,2,40,30,30,4,4,2,2,"Both",4,4,2,5,5,2,2,2,NA,NA,1,83,"the homeless",323,2,2,4,3,3,4,3,3,3,3,3,2.5,3.125,2,0,4
1,1,1,2,5,4,2,4,4,4,33.33,33.33,33.34,5,4,2,2,"PC",6,5,3,3,3,5,7,2,NA,NA,1,47,"the homeless",324,1,5,4,5,5,4,3,4,4,5,5,3.5,4.375,4.5,0,3.66666666666667
1,1,1,2,1,2,2,1,1,5,50,0,50,5,5,2,2,"PC",5,4,2,5,4,3,7,7,NA,1,NA,24,"the homeless",325,1,1,1,5,5,1,1,3,1,4,3,1.33333333333333,2.875,7,1,4
1,1,1,2,1,1,2,2,1,4,40,40,20,5,5,1,2,"PC",5,5,3,3,3,4,6,6,NA,1,NA,53,"people who experience housing insecurity",326,1,1,1,5,3,2,2,3,3,5,4,1.16666666666667,3.375,6,1,3.33333333333333
1,1,1,2,1,2,2,3,3,3,25,50,25,4,4,2,2,"PC",6,8,3,3,3,2,2,3,NA,NA,1,49,"the homeless",328,1,1,1,5,5,2,2,3,2,5,5,1.33333333333333,3.625,2.5,0,2.66666666666667
1,1,1,2,2,3,2,4,4,2,45,45,10,5,4,1,1,"PIC",4,2,2,3,4,5,1,1,NA,1,NA,40,"people who experience housing insecurity",329,2,2,3,3,3,2,3,3,3,3,3,2.33333333333333,2.875,1,1,4
1,1,1,3,2,2,2,3,3,3,35,35,30,4,4,2,2,"Both",5,4,2,4,4,1,2,2,NA,NA,1,94,"people who experience housing insecurity",330,2,2,2,4,3,3,3,3,3,3,3,2.16666666666667,3.125,2,0,3
1,1,1,1,1,1,2,2,2,4,80,10,10,5,5,1,2,"Both",4,5,2,4,5,4,7,7,NA,NA,1,73,"people who experience housing insecurity",331,4,1,1,5,5,2,1,3,2,4,5,1.5,3.375,7,0,4.33333333333333
1,1,1,2,3,2,2,2,3,5,50,50,0,5,5,2,2,"PC",2,4,3,4,3,1,3,3,NA,NA,1,100,"people who experience housing insecurity",332,1,2,1,5,5,4,1,5,3,5,5,1.83333333333333,4.125,3,0,2.66666666666667
1,1,1,5,3,2,2,2,4,1,0,75,25,5,3,1,2,"PIC",2,2,1,4,5,3,3,3,NA,NA,1,72,"the homeless",333,2,4,1,4,4,4,4,4,3,5,2,2.83333333333333,3.75,3,0,4
1,1,1,1,1,1,2,4,3,2,40,30,30,4,4,2,2,"PC",6,5,3,4,5,4,6,4,1,NA,NA,78,"the homeless",334,3,1,2,5,5,2,2,2,2,5,2,1.5,3.125,5,1,4.33333333333333
1,1,1,3,3,2,2,3,3,3,30,40,30,5,2,1,2,"Both",4,5,3,4,3,3,6,2,NA,NA,1,78,"the homeless",335,1,3,1,5,5,3,3,4,3,4,4,2.16666666666667,3.875,4,0,3.33333333333333
1,1,1,4,4,4,2,4,2,3,20,60,20,4,4,2,1,"PC",6,8,3,4,4,4,3,3,NA,1,NA,53,"people who experience housing insecurity",336,1,2,2,1,2,3,2,2,3,3,2,2.83333333333333,2.25,3,1,4
1,1,1,4,2,1,2,2,3,4,30,65,5,4,4,2,2,"Both",2,5,2,4,4,5,3,3,NA,NA,1,48,"people who experience housing insecurity",337,2,4,1,2,4,4,2,4,2,5,4,2.33333333333333,3.375,3,0,4.33333333333333
1,1,3,2,2,1,2,2,3,3,70,20,10,4,4,2,2,"PC",4,4,3,4,3,5,6,6,NA,NA,1,43,"people who experience housing insecurity",338,3,2,1,4,4,3,3,3,3,5,4,1.83333333333333,3.625,6,0,4
1,1,1,2,3,3,2,2,3,2,50,50,0,3,2,1,2,"PC",1,2,2,2,2,2,2,2,NA,1,NA,60,"people who experience housing insecurity",339,5,3,3,4,5,3,3,3,3,3,3,3.16666666666667,3.375,2,1,2
1,1,1,2,3,3,2,2,3,5,40,20,40,3,3,2,2,"PC",4,5,2,3,3,3,6,4,NA,1,NA,72,"the homeless",340,3,3,1,3,3,4,2,4,3,4,4,2.5,3.375,5,1,3
1,1,1,1,1,1,2,3,2,3,40,40,20,4,4,1,2,"PC",6,5,3,5,5,1,2,2,NA,1,NA,83,"people who experience housing insecurity",341,2,1,1,4,5,3,3,3,2,2,2,1.16666666666667,3,2,1,3.66666666666667
1,1,1,4,4,4,2,5,4,4,30,40,30,5,1,1,1,"PC",1,2,2,3,2,4,1,1,NA,1,NA,69,"the homeless",342,2,3,2,2,3,4,4,4,4,5,4,3.16666666666667,3.75,1,1,3
1,1,1,4,4,4,2,4,4,3,5,90,5,5,3,1,2,"Both",3,4,2,4,3,4,4,2,NA,NA,1,100,"the homeless",343,2,3,1,4,3,3,2,3,3,5,3,3,3.25,3,0,3.66666666666667
1,1,1,2,1,4,2,4,4,5,30,50,20,5,1,1,1,"PIC",2,4,3,4,1,1,6,6,1,NA,NA,100,"people who experience housing insecurity",344,2,3,3,5,5,5,4,5,3,5,5,2.5,4.625,6,1,2
1,1,1,3,5,4,2,5,4,3,50,50,0,5,3,1,2,"Both",2,2,2,4,4,3,2,3,NA,1,NA,50,"the homeless",345,5,3,3,3,3,4,3,5,3,5,5,3.83333333333333,3.875,2.5,1,3.66666666666667
1,1,1,3,2,4,2,3,4,5,60,20,20,5,3,1,1,"Both",1,1,2,5,3,1,1,1,NA,NA,1,83,"the homeless",346,5,3,4,5,5,5,3,4,3,5,4,3.5,4.25,1,0,3
1,1,1,1,3,3,2,2,3,5,50,25,25,4,4,1,2,"Neither",4,5,3,3,3,3,5,6,NA,NA,1,100,"the homeless",347,1,3,1,5,5,2,3,3,3,5,5,2,3.875,5.5,0,3
1,1,1,3,3,3,2,3,3,3,50,50,0,5,4,2,2,"PC",7,9,3,5,5,5,1,1,NA,NA,1,75,"the homeless",348,3,1,1,5,5,3,2,1,2,2,5,2.33333333333333,3.125,1,0,5
1,1,1,1,1,1,2,1,3,5,60,20,20,3,4,1,1,"PC",6,5,3,5,4,2,7,6,NA,1,NA,42,"the homeless",349,1,2,1,5,5,2,2,2,3,5,3,1.16666666666667,3.375,6.5,1,3.66666666666667
1,1,1,2,2,2,2,4,3,2,30,40,30,5,3,1,2,"Both",5,4,2,4,4,2,2,2,NA,NA,1,55,"the homeless",350,2,2,2,4,5,2,2,2,1,4,2,2,2.75,2,0,3.33333333333333
1,1,1,4,4,2,2,2,2,4,60,20,20,3,3,2,2,"PC",5,5,2,4,3,1,1,1,NA,NA,1,54,"people who experience housing insecurity",351,2,3,2,4,3,2,3,3,3,3,2,2.83333333333333,2.875,1,0,2.66666666666667
1,1,1,1,1,1,2,5,3,3,50,30,20,4,4,2,2,"PC",6,5,3,5,4,3,6,6,NA,NA,1,84,"the homeless",352,1,1,1,5,5,1,1,1,1,5,1,1,2.5,6,0,4
1,1,1,5,4,4,2,4,3,3,35,30,35,4,4,1,2,"PC",6,8,3,4,3,4,1,2,NA,NA,1,69,"the homeless",353,3,2,1,2,3,2,2,3,2,3,2,3.16666666666667,2.375,1.5,0,3.66666666666667
1,1,1,4,5,4,2,4,4,5,100,0,0,5,1,1,1,"PC",2,2,2,5,2,1,1,1,1,NA,NA,10,"the homeless",354,4,1,2,3,5,3,2,5,2,5,4,3.33333333333333,3.625,1,1,2.66666666666667
1,1,1,1,1,3,2,5,4,3,20,30,50,4,4,2,1,"Neither",7,5,3,4,4,1,3,3,NA,NA,1,25,"people who experience housing insecurity",356,1,5,3,1,3,4,5,4,4,1,2,2.33333333333333,3,3,0,3
1,1,1,3,2,2,2,2,3,4,40,60,0,2,3,2,1,"PC",5,3,2,4,4,2,3,5,NA,1,NA,52,"people who experience housing insecurity",357,2,2,3,2,5,4,3,3,2,3,3,2.33333333333333,3.125,4,1,3.33333333333333
1,1,1,3,3,2,2,2,3,3,0,0,100,3,2,1,2,"Neither",1,2,1,2,1,4,3,1,NA,1,NA,61,"people who experience housing insecurity",358,2,2,1,1,5,3,3,4,3,5,5,2.16666666666667,3.625,2,1,2.33333333333333
1,1,1,1,1,3,2,3,2,3,50,30,20,5,5,2,2,"PC",6,8,3,4,4,4,2,2,NA,NA,1,48,"people who experience housing insecurity",359,1,3,3,5,5,4,3,5,3,5,5,2,4.375,2,0,4
1,1,1,2,1,1,2,2,3,2,35,50,15,4,4,1,2,"Both",5,5,2,4,3,2,2,3,NA,NA,1,46,"the homeless",360,4,1,2,4,5,3,2,3,3,4,3,1.83333333333333,3.375,2.5,0,3
1,1,1,1,3,2,2,2,3,2,60,20,20,3,3,2,2,"PC",7,8,3,3,3,4,1,2,NA,NA,1,59,"people who experience housing insecurity",361,3,4,2,5,3,3,3,5,4,5,4,2.5,4,1.5,0,3.33333333333333
1,1,3,1,2,1,2,5,3,5,40,40,20,5,5,2,2,"PC",7,8,3,4,5,1,6,7,NA,NA,1,82,"the homeless",362,1,1,1,3,5,2,2,2,1,4,3,1.16666666666667,2.75,6.5,0,3.33333333333333
1,1,1,3,2,3,2,4,3,4,100,0,0,4,2,2,2,"PC",4,4,2,4,4,2,2,2,NA,1,NA,54,"people who experience housing insecurity",363,2,2,2,3,2,2,2,3,3,4,4,2.33333333333333,2.875,2,1,3.33333333333333
1,1,1,4,4,4,2,2,3,2,30,40,30,3,2,1,2,"PC",3,4,2,3,3,3,1,1,NA,NA,1,37,"people who experience housing insecurity",364,2,3,2,2,2,3,2,2,3,3,3,3.16666666666667,2.5,1,0,3
1,1,1,3,2,3,2,2,3,1,35,35,30,3,3,1,1,"Both",5,5,2,3,1,3,1,1,NA,1,NA,84,"people who experience housing insecurity",365,2,3,4,4,5,4,3,4,2,3,4,2.83333333333333,3.625,1,1,2.33333333333333
1,1,1,1,4,4,2,1,4,5,70,10,20,4,3,1,2,"PC",1,1,1,3,3,2,1,1,NA,1,NA,27,"the homeless",366,2,2,2,4,5,5,2,4,4,5,5,2.5,4.25,1,1,2.66666666666667
1,1,1,3,2,3,2,3,4,2,60,20,20,4,5,1,2,"PIC",7,9,3,5,4,5,1,1,NA,NA,1,56,"the homeless",367,3,4,1,2,2,3,3,3,2,3,4,2.66666666666667,2.75,1,0,4.66666666666667
1,1,1,2,3,3,2,3,1,3,35,35,30,3,2,2,2,"Both",4,5,3,3,4,5,2,5,NA,NA,1,49,"people who experience housing insecurity",368,2,2,2,3,3,4,3,4,3,4,4,2.33333333333333,3.5,3.5,0,4
1,1,1,5,5,4,2,5,4,5,50,50,0,4,1,1,1,"Both",3,3,2,4,3,5,1,1,NA,1,NA,29,"the homeless",369,1,3,1,2,2,2,4,3,3,5,4,3.16666666666667,3.125,1,1,4
1,1,1,2,4,3,2,4,1,2,28,47,25,4,4,2,2,"PC",6,8,3,4,3,2,2,2,NA,1,NA,61,"the homeless",370,5,1,4,3,3,2,3,4,2,5,3,3.16666666666667,3.125,2,1,3
1,1,1,1,1,1,2,3,3,3,55,25,20,4,4,2,2,"PC",5,3,2,5,4,2,1,2,NA,1,NA,96,"the homeless",371,3,1,1,5,5,2,2,2,2,3,2,1.33333333333333,2.875,1.5,1,3.66666666666667
1,1,1,2,2,2,2,2,3,3,33,33,34,3,3,2,2,"PC",4,5,3,4,3,2,7,7,1,1,NA,31,"the homeless",372,2,2,2,5,5,2,2,3,2,5,3,2,3.375,7,1,3
1,1,1,3,4,4,2,3,1,3,25,45,30,3,3,2,2,"PC",7,9,3,2,3,4,1,1,NA,1,NA,36,"people who experience housing insecurity",373,3,2,3,3,2,3,2,1,3,2,2,3.16666666666667,2.25,1,1,3
1,1,1,3,4,3,2,4,3,1,40,30,30,5,5,2,2,"PC",7,8,3,4,3,4,2,2,NA,NA,1,72,"the homeless",374,1,4,2,3,4,3,4,2,3,5,5,2.83333333333333,3.625,2,0,3.66666666666667
1,1,1,2,2,4,2,4,2,2,25,25,50,3,3,1,1,"Both",5,4,3,3,3,3,4,4,NA,NA,1,76,"the homeless",375,3,3,4,3,4,4,4,4,3,3,2,3,3.375,4,0,3
1,1,1,3,2,2,2,5,2,2,40,50,10,4,3,2,2,"PC",5,4,3,3,4,2,5,5,NA,NA,1,79,"people who experience housing insecurity",376,4,2,2,3,4,3,3,2,2,3,3,2.5,2.875,5,0,3
1,1,1,3,3,2,2,1,3,3,0,100,0,1,1,2,2,"PC",5,5,3,3,3,1,2,1,NA,NA,1,4,"people who experience housing insecurity",377,3,2,3,4,3,3,3,3,3,3,3,2.66666666666667,3.125,1.5,0,2.33333333333333
1,1,1,4,1,2,2,4,4,5,40,30,30,4,4,2,2,"PC",6,8,3,5,2,4,7,6,NA,NA,1,50,"people who experience housing insecurity",378,1,1,5,5,5,2,2,3,2,4,4,2.33333333333333,3.375,6.5,0,3.66666666666667
1,1,1,3,2,2,2,4,3,3,0,50,50,5,3,1,2,"PC",4,4,2,3,3,2,1,1,NA,NA,1,60,"people who experience housing insecurity",379,2,2,1,3,3,3,4,4,3,5,5,2,3.75,1,0,2.66666666666667
1,1,1,1,2,5,2,1,4,4,50,25,25,5,5,2,2,"PC",6,5,3,1,1,1,1,1,NA,NA,1,100,"the homeless",380,1,5,5,1,1,5,5,5,5,5,5,3.16666666666667,4,1,0,1
1,1,1,1,2,2,2,3,3,1,30,50,20,5,4,2,2,"PC",6,8,3,4,3,2,1,2,NA,1,NA,23,"people who experience housing insecurity",381,3,2,2,4,5,3,2,4,2,4,3,2,3.375,1.5,1,3
1,1,1,3,1,3,2,3,1,4,34,33,33,3,3,2,2,"Neither",4,8,3,4,3,3,7,7,NA,1,NA,49,"people who experience housing insecurity",382,1,1,1,5,3,3,3,3,3,3,3,1.66666666666667,3.25,7,1,3.33333333333333
1,1,1,3,1,1,2,4,1,4,33,33,34,5,2,1,2,"Both",3,8,3,3,4,1,2,2,NA,NA,1,72,"the homeless",383,2,2,1,5,3,4,3,3,3,5,5,1.66666666666667,3.875,2,0,2.66666666666667
1,1,1,3,1,2,2,2,4,4,40,45,15,3,2,1,2,"PC",4,4,2,4,3,2,1,2,NA,1,NA,73,"the homeless",384,1,1,1,5,5,4,3,3,3,5,5,1.5,4.125,1.5,1,3
1,1,1,1,2,1,2,2,1,2,40,20,40,3,3,2,2,"PC",4,5,3,3,4,2,6,6,NA,1,NA,67,"people who experience housing insecurity",385,1,3,3,5,5,2,1,3,3,4,5,1.83333333333333,3.5,6,1,3
1,1,1,3,4,4,2,4,1,4,33,53,14,3,4,2,2,"PC",5,5,3,4,3,3,6,6,NA,NA,1,66,"the homeless",386,2,2,2,3,2,4,4,4,3,2,4,2.83333333333333,3.25,6,0,3.33333333333333
1,1,1,2,3,4,2,4,3,2,33,34,33,5,3,2,2,"PC",2,5,2,5,4,3,3,4,NA,1,NA,92,"the homeless",387,1,2,1,5,5,1,1,1,2,5,3,2.16666666666667,2.875,3.5,1,4
1,1,1,3,5,2,2,4,1,3,100,0,0,4,3,1,2,"Both",4,2,2,4,2,3,2,2,NA,NA,1,44,"the homeless",388,5,3,3,5,3,2,4,2,2,4,2,3.5,3,2,0,3
1,1,1,2,2,1,2,4,2,5,0,0,100,5,5,2,2,"PC",7,8,3,5,3,4,6,6,NA,1,NA,73,"people who experience housing insecurity",389,1,1,1,5,5,2,2,3,3,4,4,1.33333333333333,3.5,6,1,4
1,1,1,4,4,2,2,4,3,2,40,50,10,4,3,2,2,"PIC",6,5,3,4,4,3,2,3,NA,1,NA,73,"people who experience housing insecurity",390,2,2,2,2,1,3,3,3,3,4,4,2.66666666666667,2.875,2.5,1,3.66666666666667
1,1,1,2,2,2,2,3,3,3,30,50,20,1,2,2,2,"PC",6,8,3,5,4,2,1,1,NA,1,NA,78,"people who experience housing insecurity",391,4,3,2,3,3,3,3,4,3,4,3,2.5,3.25,1,1,3.66666666666667
1,1,1,1,1,1,2,4,3,3,25,0,75,4,2,2,2,"PC",6,8,3,4,4,5,7,7,NA,NA,1,43,"people who experience housing insecurity",392,1,1,1,5,5,3,2,3,3,5,4,1,3.75,7,0,4.33333333333333
1,1,1,1,1,1,2,2,1,4,80,10,10,4,4,2,2,"PC",6,5,3,3,3,3,7,7,NA,1,NA,49,"the homeless",393,1,2,1,5,5,2,2,3,2,5,3,1.16666666666667,3.375,7,1,3
1,3,3,1,1,1,2,2,3,2,50,50,0,4,3,1,1,"Both",4,4,2,3,3,5,7,7,NA,NA,1,48,"people who experience housing insecurity",394,1,1,1,5,5,3,3,3,3,5,4,1,3.875,7,0,3.66666666666667
1,1,1,3,1,2,2,2,4,4,35,30,35,3,3,1,2,"Both",6,8,2,4,4,1,2,2,NA,1,NA,71,"the homeless",395,1,1,3,2,5,2,3,2,2,4,3,1.83333333333333,2.875,2,1,3
1,1,1,4,3,1,2,3,1,3,0,50,50,4,3,2,2,"PC",4,4,3,3,3,3,6,6,NA,NA,1,24,"people who experience housing insecurity",396,3,3,2,4,3,4,3,3,3,4,4,2.66666666666667,3.5,6,0,3
1,1,1,4,3,3,2,4,1,4,70,20,10,4,5,2,2,"PC",6,5,3,4,3,5,3,2,NA,NA,1,43,"people who experience housing insecurity",397,1,1,2,2,1,2,3,1,2,3,1,2.33333333333333,1.875,2.5,0,4
1,3,1,1,4,4,2,2,3,3,40,40,20,4,1,2,2,"PC",7,8,3,4,4,3,1,2,1,NA,NA,77,"people who experience housing insecurity",398,2,2,1,5,4,1,2,2,1,5,5,2.33333333333333,3.125,1.5,1,3.66666666666667
1,1,1,1,2,1,2,4,3,2,50,50,0,4,4,2,2,"PC",5,4,3,3,4,3,7,7,NA,NA,1,23,"people who experience housing insecurity",399,1,1,1,5,5,2,2,2,2,4,4,1.16666666666667,3.25,7,0,3.33333333333333
