"ppt_ID","native","primary","early_language","stigma_resp_1","stigma_dist_1","stigma_danger","check","concept_1","concept_2","concept_3","donate_unhoused","donate_children","donate_animals","familiar_1","familiar_2","like","offens","impression_3","control_like","control_often","control_preference","empathy_1","empathy_2","empathy_3","political_social","political_econ","experience_1","experience_2","experience_3","SliderOverlapValue","label","stigma_resp_2_mut","stigma_dist_2_mut","stigma_dist_3_mut","stertyp_cmptition_1_rev","stertyp_cmptition_2_rev","stertyp_comp_1_rev","stertyp_warm_1_rev","stertyp_status_1_rev","stertyp_warm_2_rev","stertyp_status_2_rev","stertyp_comp_2_rev","stigma_avg","stereotype_avg","experience"
1,1,1,1,3,4,3,2,2,3,3,33,33,34,5,1,1,1,1,4,3,2,4,5,5,6,6,NA,NA,1,62,"people who experience housing insecurity",3,3,3,4,4,2,2,3,3,5,5,3.16666666666667,3.5,"none"
2,1,1,1,4,2,2,2,4,3,2,33,34,33,4,3,2,2,2,4,4,2,3,3,2,2,2,1,NA,NA,82,"the homeless",2,2,2,5,5,4,3,4,3,5,4,2.33333333333333,4.125,"self"
3,1,1,1,2,3,3,2,4,3,3,40,60,0,5,5,1,1,3,3,8,3,4,4,5,6,6,NA,1,NA,100,"people who experience housing insecurity",2,3,2,4,4,4,4,4,4,5,5,2.5,4.25,"other"
4,1,1,1,4,5,4,2,4,4,1,50,50,0,5,5,1,2,3,2,3,2,4,3,5,1,1,NA,NA,1,72,"people who experience housing insecurity",2,3,1,4,3,3,2,4,3,5,5,3.16666666666667,3.625,"none"
5,1,1,3,2,3,2,2,1,3,4,35,60,5,5,5,1,2,2,5,8,3,4,4,1,7,6,NA,1,NA,72,"the homeless",1,1,1,5,5,3,2,4,3,5,4,1.66666666666667,3.875,"other"
6,1,1,1,4,2,2,2,4,3,2,30,60,10,3,4,1,2,2,5,5,3,4,3,2,6,6,1,NA,NA,68,"the homeless",1,2,1,5,4,2,2,3,1,5,3,2,3.125,"self"
7,1,1,1,2,2,3,2,1,4,4,33,33,34,2,3,1,2,3,3,5,3,3,4,3,6,6,NA,1,NA,60,"the homeless",1,2,1,5,4,4,3,4,3,5,4,1.83333333333333,4,"other"
8,1,1,1,2,3,2,2,2,3,1,60,20,20,4,1,1,1,1,4,4,2,3,3,3,5,5,NA,1,NA,61,"the homeless",2,3,1,5,5,3,4,3,3,5,1,2.16666666666667,3.625,"other"
9,1,1,1,4,2,2,2,2,3,2,50,40,10,4,1,1,2,3,5,8,3,4,4,2,6,5,NA,1,NA,68,"people who experience housing insecurity",3,2,2,4,4,2,4,4,3,4,4,2.5,3.625,"other"
10,1,1,1,2,1,1,2,4,1,4,5,10,85,5,5,1,1,1,4,4,2,4,4,5,2,2,NA,NA,1,48,"people who experience housing insecurity",3,1,1,3,3,2,2,2,2,2,2,1.5,2.25,"none"
11,1,1,1,4,4,3,2,5,4,5,25,25,50,4,2,1,1,1,1,8,2,4,3,4,1,1,1,1,NA,51,"the homeless",1,2,5,2,2,2,3,3,3,5,4,3.16666666666667,3,"self"
12,1,1,1,1,1,1,2,1,2,5,33,33,34,5,5,2,2,2,6,8,3,5,5,5,7,7,1,1,NA,100,"the homeless",1,1,1,5,5,2,2,4,2,5,5,1,3.75,"self"
13,1,1,1,1,2,1,2,2,3,2,40,20,40,5,5,1,2,3,6,8,3,5,4,2,7,7,NA,1,NA,87,"the homeless",1,1,1,5,5,3,2,4,3,5,4,1.16666666666667,3.875,"other"
14,1,1,1,4,2,2,2,2,4,4,50,25,25,3,3,1,2,2,5,5,3,4,4,3,6,6,NA,NA,1,71,"people who experience housing insecurity",1,1,1,5,3,3,3,4,3,5,4,1.83333333333333,3.75,"none"
15,1,1,1,1,1,1,2,2,4,5,80,10,10,5,5,1,1,4,4,4,3,3,3,2,7,7,1,NA,NA,44,"the homeless",1,1,1,5,3,2,2,3,2,5,3,1,3.125,"self"
16,1,1,1,4,2,2,2,4,3,2,30,35,35,5,4,2,2,2,5,4,2,3,3,3,2,2,1,NA,NA,72,"people who experience housing insecurity",1,2,1,5,5,4,3,4,3,5,4,2,4.125,"self"
17,1,1,1,2,2,1,2,2,1,2,33,34,33,4,3,2,2,2,4,4,2,4,4,1,7,6,NA,1,NA,60,"people who experience housing insecurity",2,2,1,5,5,2,2,3,2,5,5,1.66666666666667,3.625,"other"
18,1,1,1,3,3,1,2,3,2,3,20,30,50,3,3,1,2,3,4,4,2,4,4,4,5,4,1,NA,NA,53,"people who experience housing insecurity",3,3,2,2,2,3,4,3,2,3,3,2.5,2.75,"self"
19,1,1,1,1,3,2,2,4,3,3,35,35,30,5,3,1,1,3,5,8,3,3,3,4,7,7,NA,NA,1,95,"the homeless",2,3,2,3,3,2,2,2,2,2,2,2.16666666666667,2.25,"none"
20,1,1,1,3,3,1,2,3,1,2,40,35,25,4,1,1,2,1,3,4,2,3,2,2,4,5,NA,NA,1,100,"people who experience housing insecurity",2,3,3,5,5,3,4,3,3,4,3,2.5,3.75,"none"
21,1,1,1,1,1,1,2,4,2,3,50,25,25,5,1,1,2,3,4,8,3,3,1,1,7,6,1,NA,NA,NA,"people who experience housing insecurity",1,1,1,5,5,3,3,3,3,3,3,1,3.5,"self"
22,1,1,1,1,3,2,2,4,4,5,30,30,40,3,3,1,1,3,4,5,2,5,3,3,7,6,NA,NA,1,85,"people who experience housing insecurity",2,3,1,5,4,3,2,3,3,5,3,2,3.5,"none"
23,1,1,1,5,4,3,2,1,1,1,25,50,25,3,3,1,2,2,5,5,3,4,3,5,2,2,NA,1,NA,63,"the homeless",3,1,2,1,1,2,4,2,2,3,1,3,2,"other"
24,1,1,1,2,2,2,2,3,3,1,30,10,60,4,3,1,2,2,5,5,3,3,3,3,6,5,NA,NA,1,82,"the homeless",2,2,1,4,4,3,3,4,4,4,3,1.83333333333333,3.625,"none"
25,1,1,1,2,1,1,2,2,3,4,100,0,0,5,3,2,2,2,7,8,3,5,5,5,7,7,NA,NA,1,47,"people who experience housing insecurity",1,2,1,5,5,1,1,1,1,3,3,1.33333333333333,2.5,"none"
26,1,1,1,1,3,3,2,1,4,5,100,0,0,4,3,1,2,2,7,8,3,3,3,3,7,7,NA,1,NA,86,"the homeless",1,3,1,5,5,4,3,5,4,5,5,2,4.5,"other"
27,1,1,1,2,3,2,2,2,3,5,50,30,20,3,3,2,2,3,7,9,3,3,5,4,7,7,NA,1,NA,89,"the homeless",2,1,1,5,5,3,3,3,3,3,3,1.83333333333333,3.5,"other"
28,1,1,1,1,1,1,2,2,1,4,25,25,50,5,3,2,2,2,7,8,3,4,4,3,7,7,1,1,NA,24,"people who experience housing insecurity",1,1,1,5,5,2,2,2,2,3,2,1,2.875,"self"
29,1,1,1,5,4,4,2,4,1,5,30,35,35,4,4,1,2,2,6,8,3,4,4,5,3,5,NA,1,NA,69,"people who experience housing insecurity",2,1,2,2,4,2,2,1,2,2,2,3,2.125,"other"
30,1,1,1,2,1,1,2,3,3,2,34,33,33,5,4,2,2,2,4,5,2,4,3,1,5,5,1,NA,NA,75,"people who experience housing insecurity",1,1,1,5,5,3,1,3,2,4,4,1.16666666666667,3.375,"self"
31,1,1,1,3,2,2,2,2,3,2,50,50,0,4,1,1,1,1,2,2,1,4,3,1,1,1,NA,1,NA,23,"the homeless",3,2,2,3,4,3,3,3,3,3,3,2.33333333333333,3.125,"other"
32,1,1,1,4,3,2,2,2,3,2,40,50,10,4,4,2,2,2,6,8,3,4,3,1,1,1,NA,NA,1,85,"people who experience housing insecurity",2,2,2,4,3,3,2,3,3,2,2,2.5,2.75,"none"
33,1,1,1,5,5,5,2,4,3,3,30,60,10,5,4,1,2,1,2,4,2,4,5,1,7,7,NA,NA,1,72,"people who experience housing insecurity",5,5,5,5,5,4,3,4,4,5,5,5,4.375,"none"
34,1,1,1,1,1,1,2,1,1,4,50,50,0,5,1,2,2,2,4,8,2,4,4,4,7,7,1,1,NA,100,"people who experience housing insecurity",2,1,1,5,5,2,2,2,2,2,2,1.16666666666667,2.75,"self"
35,1,1,1,3,1,1,2,3,3,3,40,40,20,4,4,2,2,3,3,3,3,4,5,1,1,1,1,NA,NA,49,"the homeless",2,1,4,2,5,2,2,3,3,4,5,2,3.25,"self"
36,1,1,1,2,3,3,2,4,4,4,0,0,100,5,5,2,2,3,4,5,2,3,2,2,7,6,NA,NA,1,71,"the homeless",1,3,2,5,2,3,3,3,3,5,4,2.33333333333333,3.5,"none"
37,1,1,1,2,3,2,2,3,4,3,35,35,30,4,4,1,2,2,5,5,3,4,2,1,5,6,1,1,NA,36,"the homeless",3,2,3,4,5,4,3,4,3,5,4,2.5,4,"self"
38,1,1,1,2,4,3,2,2,4,5,50,50,0,4,4,1,2,3,6,8,3,4,3,3,6,5,NA,NA,1,61,"the homeless",1,4,2,5,5,2,2,3,2,5,4,2.66666666666667,3.5,"none"
39,1,1,1,3,3,3,2,2,3,3,0,0,100,4,3,1,2,2,2,4,2,3,4,4,1,1,NA,NA,1,28,"people who experience housing insecurity",2,2,1,2,4,3,3,4,2,5,3,2.33333333333333,3.25,"none"
40,1,3,1,2,1,1,2,2,3,3,0,50,50,5,3,1,1,2,3,8,3,3,3,1,7,7,NA,NA,1,47,"the homeless",1,2,3,5,5,3,3,3,3,5,5,1.66666666666667,4,"none"
41,1,1,1,3,1,1,2,4,3,4,25,50,25,4,2,1,2,1,4,3,2,4,3,4,2,2,NA,NA,1,82,"people who experience housing insecurity",2,1,1,2,5,3,3,4,3,5,3,1.5,3.5,"none"
42,1,1,1,2,4,2,2,4,4,5,40,40,20,5,5,1,1,1,4,4,2,4,4,1,2,2,NA,NA,1,100,"the homeless",1,4,1,5,5,2,2,4,2,5,5,2.33333333333333,3.75,"none"
43,1,1,1,3,2,1,2,5,4,5,50,40,10,3,3,2,1,2,7,8,3,4,3,3,2,5,NA,NA,1,72,"the homeless",1,2,4,2,5,3,3,4,4,5,4,2.16666666666667,3.75,"none"
44,1,1,1,2,1,1,2,3,3,3,50,25,25,5,5,2,2,2,6,8,3,4,4,3,7,7,1,NA,NA,73,"people who experience housing insecurity",2,1,1,5,5,2,2,3,2,5,4,1.33333333333333,3.5,"self"
45,1,1,1,2,2,2,2,2,2,5,34,33,33,4,4,2,2,2,5,5,2,5,5,4,7,6,1,NA,NA,48,"people who experience housing insecurity",1,2,3,5,5,3,3,4,3,4,4,2,3.875,"self"
46,1,1,1,2,1,1,2,4,3,3,30,40,30,4,2,2,2,2,6,8,3,4,5,3,5,5,NA,NA,1,49,"people who experience housing insecurity",1,3,3,4,5,1,2,3,3,5,5,1.83333333333333,3.5,"none"
47,1,1,1,1,2,4,2,4,4,5,40,60,0,5,3,1,1,2,2,3,1,4,5,3,1,1,NA,1,NA,41,"the homeless",2,3,1,2,5,2,3,3,3,5,5,2.16666666666667,3.5,"other"
48,1,1,1,3,3,3,2,3,4,5,33,34,33,3,2,1,1,3,4,2,2,3,2,1,7,7,NA,NA,1,14,"the homeless",2,3,1,4,3,4,4,4,4,5,4,2.5,4,"none"
49,1,1,1,3,5,5,2,1,4,5,34,33,33,5,1,1,1,4,1,1,1,3,3,3,3,3,NA,1,NA,NA,"the homeless",1,4,5,1,1,5,3,5,5,5,5,3.83333333333333,3.75,"other"
50,1,1,1,3,4,4,2,4,4,1,60,30,10,3,1,1,1,1,2,1,2,3,3,2,2,1,NA,1,NA,25,"the homeless",2,3,4,5,4,3,2,4,3,5,5,3.33333333333333,3.875,"other"
51,1,1,1,1,1,3,2,2,2,3,100,0,0,5,2,1,1,4,1,5,1,3,4,5,1,1,NA,1,NA,42,"the homeless",1,1,2,2,5,3,3,3,2,3,4,1.5,3.125,"other"
52,1,1,3,2,3,2,2,3,3,2,50,50,0,4,3,2,2,2,5,8,3,4,3,2,6,7,NA,NA,1,100,"the homeless",1,2,2,5,5,2,2,3,2,5,4,2,3.5,"none"
53,1,1,1,5,4,4,2,4,1,5,40,40,20,5,4,1,2,3,7,9,3,5,5,5,7,7,NA,1,NA,67,"people who experience housing insecurity",3,3,1,2,2,1,2,2,1,2,1,3.33333333333333,1.625,"other"
54,1,1,1,2,2,3,2,4,4,2,50,25,25,4,3,2,2,2,4,5,3,2,2,3,6,6,NA,NA,1,72,"the homeless",1,3,1,4,4,3,2,3,4,5,5,2,3.75,"none"
55,1,1,1,2,3,2,2,2,3,2,40,40,20,4,2,1,2,3,4,5,3,4,4,4,5,5,NA,NA,1,72,"the homeless",1,3,3,3,3,3,3,3,3,4,3,2.33333333333333,3.125,"none"
56,1,1,1,2,4,3,2,3,3,3,25,50,25,5,5,1,2,3,5,4,3,5,4,2,5,4,NA,1,NA,85,"people who experience housing insecurity",1,2,2,4,4,4,2,4,2,5,4,2.33333333333333,3.625,"other"
57,1,1,1,2,2,3,2,4,3,2,30,60,10,5,3,1,2,3,6,3,3,5,4,3,4,2,NA,1,NA,45,"people who experience housing insecurity",1,1,2,5,4,4,3,2,3,2,1,1.83333333333333,3,"other"
58,1,1,1,5,4,4,2,4,4,2,30,70,0,5,2,1,2,3,1,2,1,3,2,2,1,1,NA,NA,1,57,"people who experience housing insecurity",3,4,3,2,1,5,4,4,5,5,5,3.83333333333333,3.875,"none"
59,1,3,1,3,2,3,2,3,3,1,40,40,20,5,5,2,2,3,6,5,3,4,4,3,2,2,NA,1,NA,19,"the homeless",2,2,2,3,3,4,3,4,3,3,3,2.33333333333333,3.25,"other"
60,1,1,1,2,4,4,2,2,4,5,75,0,25,4,1,1,2,3,3,5,2,4,3,1,6,6,NA,NA,1,66,"the homeless",1,3,1,5,5,3,3,4,4,5,4,2.5,4.125,"none"
61,1,1,1,2,4,3,2,3,3,2,40,40,20,4,4,2,2,3,5,5,3,4,5,1,6,4,NA,NA,1,81,"the homeless",1,2,1,5,3,3,3,3,3,4,3,2.16666666666667,3.375,"none"
62,1,1,1,2,3,3,2,2,3,4,100,0,0,5,3,1,1,3,3,5,3,3,4,3,6,6,NA,NA,1,47,"the homeless",2,3,2,5,4,4,3,4,3,4,3,2.5,3.75,"none"
63,1,1,1,4,3,4,2,4,4,2,0,50,50,5,4,1,2,3,2,3,1,4,5,4,2,3,NA,NA,1,69,"the homeless",4,3,4,2,2,4,4,4,3,4,4,3.66666666666667,3.375,"none"
64,1,1,1,3,2,2,2,3,3,2,0,0,100,5,2,1,1,3,1,2,2,3,3,3,5,6,NA,NA,1,22,"people who experience housing insecurity",2,2,3,3,3,3,3,3,3,3,3,2.33333333333333,3,"none"
65,1,1,1,1,1,1,2,2,1,4,70,30,0,3,3,2,2,2,6,8,3,3,3,4,7,7,NA,NA,1,24,"people who experience housing insecurity",2,1,1,4,4,2,2,3,2,4,3,1.16666666666667,3,"none"
66,1,1,1,4,3,4,2,4,3,5,40,30,30,4,4,1,2,1,7,5,3,4,3,4,1,1,NA,1,NA,73,"people who experience housing insecurity",2,3,2,2,2,2,3,2,2,3,2,3,2.25,"other"
68,1,1,1,2,2,2,2,2,2,3,50,30,20,3,3,2,2,2,5,5,3,4,3,4,6,6,NA,NA,1,49,"people who experience housing insecurity",3,2,1,4,4,2,2,3,3,5,4,2,3.375,"none"
69,1,1,1,3,2,2,2,4,2,2,30,40,30,4,3,2,2,2,4,4,3,3,3,1,6,6,NA,NA,1,50,"people who experience housing insecurity",2,3,3,3,4,3,2,2,2,2,3,2.5,2.625,"none"
70,1,1,1,2,2,2,2,4,2,4,50,5,45,5,4,1,1,2,2,2,2,4,3,5,6,6,NA,1,NA,81,"the homeless",1,2,3,5,5,3,2,4,4,5,5,2,4.125,"other"
71,1,1,1,4,3,3,2,4,4,3,0,0,100,3,3,1,1,3,2,3,2,3,2,3,2,2,NA,NA,1,61,"the homeless",2,4,1,3,3,3,4,4,3,5,4,2.83333333333333,3.625,"none"
72,1,1,1,2,4,3,2,1,4,5,30,60,10,5,5,2,2,2,6,8,3,4,4,4,6,6,NA,NA,1,71,"the homeless",2,4,2,5,5,5,3,5,4,5,5,2.83333333333333,4.625,"none"
73,1,1,1,3,4,1,2,2,1,5,0,50,50,4,4,2,2,2,4,5,3,3,3,3,5,5,NA,NA,1,32,"people who experience housing insecurity",1,3,1,4,5,3,3,3,3,4,4,2.16666666666667,3.625,"none"
74,1,1,1,1,1,1,2,4,3,1,65,20,15,5,5,2,2,2,3,5,3,3,4,3,7,5,NA,NA,1,77,"people who experience housing insecurity",1,1,1,5,4,3,2,3,2,5,4,1,3.5,"none"
75,1,1,1,2,3,3,2,2,3,3,35,35,30,2,2,1,2,2,4,4,2,3,2,3,6,6,NA,NA,1,48,"people who experience housing insecurity",2,3,2,4,4,4,4,4,4,5,5,2.5,4.25,"none"
76,1,1,1,2,1,1,2,4,3,2,40,40,20,5,5,2,2,3,5,8,3,4,4,5,6,6,1,1,NA,42,"people who experience housing insecurity",2,1,1,5,5,2,1,2,1,5,3,1.33333333333333,3,"self"
77,1,1,1,3,3,4,2,4,4,1,50,50,0,5,4,1,2,3,2,2,1,4,4,2,1,1,NA,1,NA,27,"the homeless",3,2,2,3,4,4,4,4,4,5,4,2.83333333333333,4,"other"
78,1,1,1,2,2,1,2,4,3,1,70,10,20,4,3,1,1,1,3,2,1,5,4,3,3,3,NA,1,NA,1,"the homeless",2,1,1,5,5,2,2,2,2,3,3,1.5,3,"other"
79,1,1,1,3,1,1,2,4,3,3,35,35,30,4,3,2,2,2,4,5,2,4,3,3,1,1,NA,NA,1,73,"people who experience housing insecurity",3,2,5,5,3,2,2,3,3,5,4,2.5,3.375,"none"
80,1,1,1,4,1,1,2,2,3,5,50,50,0,4,4,1,1,3,6,8,3,4,4,5,7,7,1,NA,NA,83,"the homeless",1,2,1,5,5,2,3,3,2,3,4,1.66666666666667,3.375,"self"
81,1,1,1,4,4,4,2,4,3,4,15,40,45,5,1,1,2,2,3,4,1,3,2,4,7,5,1,1,NA,83,"people who experience housing insecurity",2,1,2,4,2,4,4,5,4,5,4,2.83333333333333,4,"self"
82,1,1,1,3,3,3,2,3,3,4,40,40,20,5,3,1,1,3,4,8,2,4,3,1,7,7,1,1,NA,92,"the homeless",1,1,1,5,5,2,1,3,2,5,3,2,3.25,"self"
83,1,1,1,3,1,1,2,4,3,3,34,33,33,5,2,1,1,1,4,4,2,3,3,2,3,2,NA,1,NA,48,"people who experience housing insecurity",3,1,1,5,3,3,1,4,2,5,4,1.66666666666667,3.375,"other"
84,1,1,1,4,4,3,2,4,3,3,0,100,0,2,2,1,2,3,2,2,1,4,3,3,5,5,NA,NA,1,69,"people who experience housing insecurity",2,3,1,5,5,3,3,4,4,4,4,2.83333333333333,4,"none"
85,1,3,1,3,4,3,2,4,3,4,50,50,0,2,3,1,2,3,5,5,3,3,4,3,6,6,1,NA,NA,47,"the homeless",2,2,1,3,3,3,3,3,3,5,3,2.5,3.25,"self"
86,1,1,1,1,3,2,2,2,3,4,34,33,33,4,4,2,2,2,4,8,3,3,3,3,6,6,NA,1,NA,61,"the homeless",1,2,1,5,5,3,3,3,3,3,3,1.66666666666667,3.5,"other"
87,1,1,1,2,2,2,2,4,3,3,40,30,30,4,3,2,2,2,2,2,2,3,3,2,6,6,NA,NA,1,62,"people who experience housing insecurity",4,3,2,4,4,3,4,4,4,5,5,2.5,4.125,"none"
88,1,1,1,2,1,2,2,3,3,5,30,40,30,4,3,2,2,3,6,5,3,4,5,1,6,5,NA,NA,1,23,"the homeless",1,1,1,5,3,2,3,3,3,4,3,1.33333333333333,3.25,"none"
89,1,1,1,2,3,3,2,1,3,4,30,40,30,5,1,1,1,1,4,5,2,3,3,2,3,5,NA,NA,1,84,"people who experience housing insecurity",3,2,3,4,3,4,2,4,5,5,5,2.66666666666667,4,"none"
90,1,1,1,2,1,1,2,4,4,4,60,20,20,5,4,2,2,2,2,2,2,4,4,3,3,3,NA,NA,1,72,"people who experience housing insecurity",1,2,1,4,4,4,3,4,3,5,5,1.33333333333333,4,"none"
91,1,1,1,1,1,4,2,3,3,5,50,50,0,5,5,2,2,3,4,4,3,5,3,2,7,7,1,1,NA,49,"the homeless",1,1,1,5,5,1,1,2,1,5,5,1.5,3.125,"self"
92,1,1,1,3,2,2,2,4,3,2,33,34,33,3,2,1,1,1,1,3,2,4,3,2,6,6,NA,NA,1,65,"people who experience housing insecurity",2,2,2,4,5,3,3,3,3,4,4,2.16666666666667,3.625,"none"
93,1,1,1,5,4,4,2,5,1,5,40,30,30,5,5,2,1,2,7,9,2,5,4,5,7,7,NA,1,NA,75,"the homeless",1,1,1,2,2,1,2,1,1,2,1,2.66666666666667,1.5,"other"
94,1,1,1,2,1,1,2,2,2,5,25,50,25,5,4,2,2,3,6,8,2,4,5,4,7,7,1,1,NA,24,"people who experience housing insecurity",2,1,1,5,5,2,1,2,1,4,3,1.33333333333333,2.875,"self"
95,1,1,1,3,3,3,2,4,3,4,25,5,70,5,3,1,2,3,2,3,2,4,3,3,7,7,1,NA,NA,48,"people who experience housing insecurity",2,2,1,5,2,3,3,4,4,5,4,2.33333333333333,3.75,"self"
96,1,1,1,1,2,2,2,2,3,3,47,43,10,4,3,1,2,3,4,8,3,3,4,5,7,7,NA,NA,1,37,"the homeless",1,1,1,5,5,2,2,4,2,5,1,1.33333333333333,3.25,"none"
97,1,1,1,1,1,1,2,2,3,2,45,15,40,4,4,2,2,2,5,8,3,4,2,3,7,4,NA,1,NA,48,"people who experience housing insecurity",5,1,1,5,5,2,2,3,3,5,5,1.66666666666667,3.75,"other"
98,1,1,1,1,1,1,2,1,2,5,50,20,30,5,5,2,2,2,7,8,3,4,3,3,7,7,NA,1,NA,100,"people who experience housing insecurity",1,1,1,5,5,1,1,1,1,3,3,1,2.5,"other"
99,1,1,1,2,2,4,2,2,4,2,40,40,20,4,3,2,2,2,5,5,2,4,3,4,3,2,1,1,NA,44,"the homeless",2,2,2,2,3,5,3,3,3,5,4,2.33333333333333,3.5,"self"
100,1,1,1,2,3,3,2,2,3,3,30,60,10,4,3,1,2,3,4,4,2,3,4,3,3,4,NA,1,NA,69,"the homeless",3,4,3,4,4,3,3,3,3,4,3,3,3.375,"other"
101,1,1,1,2,1,3,2,1,3,1,70,10,20,5,4,1,2,3,4,4,3,4,4,3,6,4,NA,NA,1,73,"the homeless",2,2,1,5,5,2,1,2,1,5,3,1.83333333333333,3,"none"
102,1,1,1,1,5,4,2,1,4,1,40,40,20,5,5,2,2,2,7,9,3,5,5,1,7,4,NA,NA,1,100,"the homeless",1,1,1,5,5,3,3,3,3,5,5,2.16666666666667,4,"none"
103,1,1,1,2,3,2,2,4,3,4,0,0,100,5,4,2,2,2,7,8,3,3,3,4,7,4,NA,NA,1,86,"people who experience housing insecurity",1,1,1,5,5,3,2,4,2,5,4,1.66666666666667,3.75,"none"
104,1,1,1,2,1,2,2,4,3,4,50,30,20,5,5,2,2,2,6,5,2,4,5,2,5,6,NA,1,NA,81,"the homeless",1,3,2,5,5,3,2,3,2,5,3,1.83333333333333,3.5,"other"
105,1,1,1,1,2,1,2,2,3,3,50,25,25,4,4,2,2,2,6,8,3,4,4,3,7,7,NA,NA,1,54,"people who experience housing insecurity",1,1,1,5,5,2,1,3,2,5,4,1.16666666666667,3.375,"none"
106,1,1,1,2,1,2,2,2,3,3,40,50,10,5,3,2,2,2,6,8,3,4,3,2,7,7,NA,NA,1,83,"people who experience housing insecurity",1,2,1,5,4,3,2,3,3,5,4,1.5,3.625,"none"
107,1,1,1,4,4,4,2,4,4,4,50,48,2,4,2,1,1,1,1,8,2,4,4,3,5,5,NA,1,NA,100,"the homeless",2,4,4,2,4,4,4,4,4,5,4,3.66666666666667,3.875,"other"
108,1,1,1,2,2,2,2,2,3,3,28,40,32,4,3,1,2,2,6,3,2,3,4,4,2,2,NA,1,NA,40,"people who experience housing insecurity",2,2,1,2,2,3,3,4,3,4,4,1.83333333333333,3.125,"other"
109,1,1,1,2,3,2,2,2,3,2,33,34,33,4,4,2,2,2,6,5,3,4,3,3,7,7,NA,NA,1,91,"the homeless",1,1,1,5,5,4,1,4,1,5,5,1.66666666666667,3.75,"none"
110,1,1,1,4,1,1,2,4,3,2,100,0,0,5,4,2,2,3,6,4,3,4,3,3,2,2,1,1,NA,51,"people who experience housing insecurity",1,1,1,2,3,3,2,4,2,5,4,1.5,3.125,"self"
111,1,1,1,3,2,2,2,4,2,5,30,30,40,4,2,1,2,1,4,5,2,4,4,2,6,6,NA,NA,1,25,"the homeless",2,2,2,4,2,3,3,3,3,3,3,2.16666666666667,3,"none"
112,1,1,3,2,1,1,2,3,2,4,50,30,20,5,5,2,2,3,5,8,3,5,3,5,7,4,1,NA,NA,77,"people who experience housing insecurity",2,1,1,5,5,1,1,3,1,4,3,1.33333333333333,2.875,"self"
113,1,1,1,4,3,3,2,4,1,4,40,50,10,4,4,1,2,2,7,5,3,5,4,2,7,5,NA,NA,1,46,"the homeless",4,3,2,3,3,2,3,3,1,2,2,3.16666666666667,2.375,"none"
114,1,1,1,3,2,2,2,2,3,3,60,20,20,4,2,2,2,3,3,4,2,4,3,2,3,2,1,1,NA,53,"people who experience housing insecurity",3,2,2,4,4,2,2,2,2,5,4,2.33333333333333,3.125,"self"
115,1,1,1,1,2,2,2,1,3,2,75,25,0,4,3,1,1,3,5,8,3,4,4,2,7,7,NA,1,NA,94,"the homeless",1,2,2,5,4,3,2,4,3,5,4,1.66666666666667,3.75,"other"
116,1,1,1,4,3,2,2,1,3,3,60,10,30,5,4,2,2,2,4,8,3,3,4,2,6,6,NA,NA,1,67,"the homeless",2,4,2,4,5,3,4,4,3,5,5,2.83333333333333,4.125,"none"
117,1,1,1,4,3,3,2,2,3,2,30,40,30,3,2,1,2,2,2,3,2,3,4,2,2,2,NA,NA,1,54,"the homeless",1,1,1,3,3,4,3,4,3,5,5,2.16666666666667,3.75,"none"
118,1,1,1,3,2,2,2,3,3,3,70,20,10,5,3,1,2,3,2,4,2,3,3,3,3,2,NA,1,NA,66,"people who experience housing insecurity",2,2,1,3,4,3,3,3,3,5,4,2,3.5,"other"
119,1,1,1,1,2,2,2,2,3,5,37,37,26,4,4,1,2,3,4,5,2,3,3,3,6,6,1,1,NA,61,"the homeless",1,2,1,5,5,3,3,4,3,5,4,1.5,4,"self"
120,1,1,1,2,2,1,2,4,3,3,70,20,10,5,5,2,2,2,5,8,3,3,3,3,7,6,NA,NA,1,72,"people who experience housing insecurity",1,1,1,5,5,2,2,4,2,5,4,1.33333333333333,3.625,"none"
121,1,1,1,3,2,2,2,3,3,3,50,40,10,4,3,1,2,2,4,4,2,3,3,4,2,2,NA,NA,1,48,"people who experience housing insecurity",2,2,1,3,4,3,3,4,3,5,4,2,3.625,"none"
122,1,1,1,4,4,3,2,5,4,3,10,90,0,4,1,1,1,1,1,2,2,3,2,1,3,2,NA,1,NA,93,"people who experience housing insecurity",4,3,4,3,4,5,4,4,4,5,5,3.66666666666667,4.25,"other"
123,1,1,1,3,1,3,2,4,4,4,35,35,30,3,1,2,2,2,4,9,3,4,4,1,1,1,NA,NA,1,49,"the homeless",1,1,1,5,5,3,2,2,2,5,5,1.66666666666667,3.625,"none"
124,1,1,1,2,3,3,2,3,3,3,35,35,30,2,3,1,1,3,4,5,2,3,3,2,5,6,NA,NA,1,23,"the homeless",2,3,3,4,4,3,3,4,4,5,4,2.66666666666667,3.875,"none"
125,1,1,1,4,5,4,2,4,4,4,20,20,60,4,3,2,2,2,4,5,3,3,2,5,5,5,NA,NA,1,58,"people who experience housing insecurity",2,3,4,1,2,3,3,4,3,4,3,3.66666666666667,2.875,"none"
126,1,1,1,3,3,3,2,2,3,4,50,50,0,3,3,1,2,2,4,5,3,4,2,1,6,2,NA,1,NA,83,"people who experience housing insecurity",1,1,1,5,5,3,2,4,3,5,4,2,3.875,"other"
127,1,1,1,2,1,1,2,4,1,3,50,50,0,3,4,2,2,2,6,9,3,5,3,2,7,7,NA,NA,1,75,"people who experience housing insecurity",1,1,1,5,4,2,1,2,2,4,4,1.16666666666667,3,"none"
128,1,1,1,4,4,4,2,2,4,5,34,33,33,5,1,1,2,2,3,5,1,4,4,4,7,7,NA,NA,1,100,"people who experience housing insecurity",2,2,2,2,2,4,2,4,4,5,4,3,3.375,"none"
129,1,1,1,2,3,3,2,3,4,5,25,35,40,4,3,1,1,2,4,3,2,4,2,3,7,7,NA,NA,1,25,"the homeless",2,2,2,4,3,3,4,4,4,4,4,2.33333333333333,3.75,"none"
130,1,1,1,2,2,2,2,2,3,3,66,30,4,5,5,1,1,1,6,5,2,4,4,3,6,7,NA,NA,1,100,"the homeless",1,1,1,5,5,3,3,3,2,5,5,1.5,3.875,"none"
131,1,1,1,3,2,3,2,3,3,3,50,50,0,2,3,2,2,2,1,2,2,4,3,5,2,2,NA,NA,1,71,"people who experience housing insecurity",2,2,2,4,4,3,3,4,3,5,4,2.33333333333333,3.75,"none"
132,1,1,1,3,2,4,2,2,3,4,25,60,15,4,4,1,2,2,4,5,2,4,3,4,5,4,NA,1,NA,98,"the homeless",2,2,2,4,4,3,3,4,3,5,4,2.5,3.75,"other"
133,1,1,1,1,1,3,2,3,2,1,0,0,100,5,5,1,2,2,2,4,2,3,2,5,7,7,NA,NA,1,46,"people who experience housing insecurity",5,5,3,3,3,3,3,3,3,4,3,3,3.125,"none"
134,1,1,1,2,3,2,2,2,3,5,40,50,10,2,3,2,2,2,4,4,3,5,4,2,7,7,1,NA,NA,33,"the homeless",1,3,1,5,5,3,3,3,3,5,3,2,3.75,"self"
135,1,1,1,4,5,2,2,4,3,5,40,50,10,5,4,2,2,2,5,8,3,4,3,1,6,7,NA,1,NA,47,"people who experience housing insecurity",4,2,1,5,5,4,2,5,2,5,5,3,4.125,"other"
136,1,1,1,3,1,1,2,3,2,4,50,50,0,5,5,2,2,2,4,3,1,4,2,3,7,5,NA,1,NA,94,"people who experience housing insecurity",1,1,1,5,5,2,2,2,2,5,2,1.33333333333333,3.125,"other"
137,1,1,1,3,1,1,2,4,3,5,50,50,0,5,5,2,2,2,4,4,1,4,3,2,7,7,NA,1,NA,73,"the homeless",1,1,1,5,5,2,2,3,2,5,3,1.33333333333333,3.375,"other"
138,1,1,1,5,2,1,2,2,3,3,40,50,10,4,2,2,2,2,6,5,3,4,4,1,6,4,NA,NA,1,28,"people who experience housing insecurity",2,2,1,5,5,4,2,3,3,5,4,2.16666666666667,3.875,"none"
139,1,1,1,1,2,1,2,2,3,5,80,20,0,5,2,1,2,3,3,8,2,4,2,2,4,7,NA,NA,1,24,"the homeless",1,2,1,5,5,3,1,3,2,5,5,1.33333333333333,3.625,"none"
140,1,1,1,1,1,1,2,2,4,3,50,30,20,4,3,2,2,2,5,5,3,2,3,1,2,2,NA,1,NA,32,"the homeless",4,2,1,5,5,4,3,3,3,5,4,1.66666666666667,4,"other"
141,1,1,1,2,2,3,2,2,3,1,50,50,0,4,4,2,2,3,5,4,2,4,4,3,2,2,NA,NA,1,73,"the homeless",4,3,2,4,4,3,3,3,3,3,2,2.66666666666667,3.125,"none"
142,1,1,1,3,2,2,2,2,3,4,50,25,25,5,5,1,1,3,2,3,2,4,2,5,5,4,NA,NA,1,37,"the homeless",2,2,2,5,5,2,2,3,1,4,4,2.16666666666667,3.25,"none"
143,1,1,1,1,2,3,2,2,3,4,50,40,10,4,4,2,2,3,6,8,3,4,5,5,7,7,NA,NA,1,72,"the homeless",1,2,1,5,5,3,2,3,3,5,4,1.66666666666667,3.75,"none"
144,1,1,1,3,1,1,2,1,1,4,34,33,33,3,2,2,2,3,4,8,3,3,4,3,7,6,NA,NA,1,48,"people who experience housing insecurity",1,1,1,5,5,1,1,1,1,2,2,1.33333333333333,2.25,"none"
145,1,1,1,2,2,1,2,3,3,3,80,20,0,5,5,2,2,2,6,8,3,5,5,2,7,7,NA,1,NA,72,"people who experience housing insecurity",1,1,1,5,5,2,2,3,1,5,4,1.33333333333333,3.375,"other"
146,1,1,1,2,3,2,2,3,4,5,50,50,0,2,2,2,2,2,7,8,3,3,3,3,7,7,NA,NA,1,72,"the homeless",2,3,1,4,4,3,3,3,3,5,4,2.16666666666667,3.625,"none"
147,1,1,1,2,3,2,2,2,3,3,34,33,33,5,3,2,2,2,5,5,3,5,4,2,7,7,NA,NA,1,100,"the homeless",1,2,1,5,5,3,3,3,2,5,5,1.83333333333333,3.875,"none"
148,1,1,1,1,1,1,2,2,3,1,25,50,25,4,5,2,2,2,6,8,3,3,3,4,7,7,1,1,NA,87,"the homeless",1,1,1,5,5,2,2,2,2,5,2,1,3.125,"self"
149,1,1,1,2,2,2,2,2,1,5,50,25,25,5,3,1,2,3,5,5,3,4,3,2,6,6,NA,1,NA,0,"people who experience housing insecurity",2,2,1,5,3,3,2,3,3,4,5,1.83333333333333,3.5,"other"
150,1,1,1,4,5,5,2,3,4,5,0,50,50,3,3,1,2,2,1,2,1,4,4,3,1,1,NA,NA,1,49,"the homeless",3,5,4,2,1,4,4,4,4,5,4,4.33333333333333,3.5,"none"
151,1,1,1,3,2,3,2,4,1,4,50,40,10,5,4,1,2,2,3,4,2,5,5,5,2,2,1,1,NA,23,"people who experience housing insecurity",1,1,1,4,3,2,2,4,2,5,4,1.83333333333333,3.25,"self"
152,1,1,1,3,4,2,2,4,4,5,45,45,10,3,2,2,2,3,2,3,1,3,3,4,2,1,NA,1,NA,60,"people who experience housing insecurity",2,3,2,4,3,4,4,3,4,2,5,2.66666666666667,3.625,"other"
153,1,1,1,3,2,1,2,2,4,1,34,33,33,5,1,1,1,3,6,9,2,5,3,1,4,4,1,NA,NA,100,"the homeless",2,1,1,5,5,1,3,3,3,5,1,1.66666666666667,3.25,"self"
154,1,3,1,2,1,2,2,2,4,5,40,30,30,5,4,2,2,2,7,5,3,4,3,3,7,7,NA,NA,1,24,"the homeless",1,2,2,5,5,3,3,3,2,4,4,1.66666666666667,3.625,"none"
155,1,1,1,4,4,3,2,4,4,5,25,25,50,4,2,1,2,1,2,5,1,3,2,4,3,3,NA,NA,1,94,"the homeless",2,2,2,3,4,2,3,3,3,4,3,2.83333333333333,3.125,"none"
156,1,1,1,2,2,2,2,1,3,2,50,25,25,5,5,1,1,3,3,4,2,4,2,1,6,5,1,1,NA,38,"the homeless",1,1,1,5,5,3,3,3,2,5,4,1.5,3.75,"self"
157,1,1,3,4,3,4,2,4,3,2,30,30,40,3,1,1,2,3,4,3,2,5,4,4,3,2,NA,1,NA,82,"people who experience housing insecurity",2,3,1,2,2,4,4,4,4,5,5,2.83333333333333,3.75,"other"
159,1,1,1,1,1,2,2,5,3,3,33,33,34,4,4,2,2,2,5,3,2,5,5,1,4,4,NA,NA,1,80,"people who experience housing insecurity",3,2,2,5,5,3,4,4,3,5,4,1.83333333333333,4.125,"none"
160,1,1,1,2,2,2,2,4,4,4,25,25,50,5,3,2,2,3,4,8,3,4,5,3,2,2,NA,NA,1,46,"people who experience housing insecurity",2,2,2,3,4,4,4,5,3,5,5,2,4.125,"none"
161,1,1,1,1,4,4,2,4,4,4,30,40,30,5,2,1,1,3,2,8,3,4,5,5,6,6,NA,NA,1,72,"people who experience housing insecurity",1,1,1,5,1,5,4,5,4,5,5,2,4.25,"none"
162,1,1,1,4,4,3,2,4,4,1,100,0,0,5,4,1,1,3,2,3,2,4,4,5,2,1,NA,NA,1,72,"the homeless",2,4,1,5,5,4,3,4,3,5,5,3,4.25,"none"
163,1,1,1,3,3,2,2,3,1,3,20,70,10,3,3,2,2,2,5,4,3,3,3,3,4,5,NA,NA,1,59,"the homeless",3,3,3,3,3,4,4,3,3,3,3,2.83333333333333,3.25,"none"
164,1,1,1,3,5,5,2,4,4,5,0,50,50,5,4,1,1,1,4,5,2,3,3,2,3,2,NA,NA,1,36,"the homeless",4,2,4,1,2,5,5,5,5,5,5,3.83333333333333,4.125,"none"
165,1,1,1,3,2,2,2,4,3,2,35,30,35,4,2,1,2,2,5,5,2,3,4,5,7,6,NA,NA,1,74,"the homeless",3,2,1,5,5,3,3,3,4,5,4,2.16666666666667,4,"none"
166,1,1,1,2,3,2,2,1,3,2,45,45,10,5,3,1,2,2,3,5,3,3,3,4,6,6,NA,NA,1,78,"people who experience housing insecurity",2,2,2,5,3,4,2,5,2,5,4,2.16666666666667,3.75,"none"
167,1,1,1,2,3,3,2,4,3,4,30,40,30,5,4,2,2,2,6,8,3,4,4,2,6,6,NA,1,NA,63,"the homeless",1,2,1,4,4,3,3,4,3,5,4,2,3.75,"other"
168,1,1,1,1,1,3,2,3,4,5,0,100,0,5,4,2,2,3,4,4,2,4,4,5,3,2,1,NA,NA,87,"people who experience housing insecurity",1,1,1,3,2,2,2,3,3,5,5,1.33333333333333,3.125,"self"
169,1,1,1,2,1,2,2,2,3,3,50,25,25,5,5,2,2,2,5,5,3,3,4,3,7,7,1,NA,NA,64,"people who experience housing insecurity",2,1,1,5,5,3,2,3,3,5,4,1.5,3.75,"self"
170,1,1,1,2,2,1,2,3,2,3,25,50,25,4,1,2,2,2,2,8,3,4,4,1,1,1,NA,NA,1,49,"people who experience housing insecurity",2,1,1,5,5,2,2,3,2,5,5,1.5,3.625,"none"
171,1,1,1,5,3,1,2,4,3,3,0,100,0,4,1,1,1,3,1,1,2,3,3,3,1,1,NA,NA,1,75,"people who experience housing insecurity",3,3,2,1,3,4,4,4,4,5,5,2.83333333333333,3.75,"none"
172,1,1,1,2,3,2,2,3,3,3,40,40,20,4,4,2,2,2,6,8,3,4,3,2,6,4,1,NA,NA,48,"people who experience housing insecurity",4,4,3,2,4,3,2,3,3,4,3,3,3,"self"
173,1,1,1,3,4,3,2,4,3,2,50,50,0,2,4,1,1,1,3,3,2,3,3,5,3,3,NA,NA,1,50,"the homeless",2,3,3,5,5,3,3,5,3,5,4,3,4.125,"none"
174,1,1,1,2,1,1,2,1,2,2,50,50,0,4,3,2,2,2,4,5,2,3,3,2,6,6,1,1,NA,30,"people who experience housing insecurity",1,1,5,4,5,3,2,4,3,5,5,1.83333333333333,3.875,"self"
175,1,1,1,5,5,4,2,5,1,5,30,40,30,5,5,1,2,3,7,5,1,5,4,3,7,7,NA,1,NA,44,"the homeless",2,1,1,2,1,1,2,1,1,2,1,3,1.375,"other"
176,1,1,1,1,2,2,2,2,2,3,34,33,33,3,3,1,2,4,5,5,3,4,3,3,6,6,NA,1,NA,73,"the homeless",1,3,1,5,5,3,3,3,3,3,3,1.66666666666667,3.5,"other"
177,1,1,1,1,1,1,2,3,3,1,34,33,33,5,3,2,2,2,7,9,3,5,5,5,6,6,NA,1,NA,100,"the homeless",3,1,1,5,5,2,2,2,1,5,3,1.33333333333333,3.125,"other"
178,1,1,1,2,2,2,2,2,2,2,40,20,40,4,2,2,2,2,4,4,2,3,2,3,6,6,NA,1,NA,61,"people who experience housing insecurity",1,2,1,4,3,3,3,3,3,4,4,1.66666666666667,3.375,"other"
179,1,1,1,3,4,2,2,2,4,5,0,0,100,4,3,2,2,2,6,9,3,4,3,3,6,6,NA,NA,1,87,"the homeless",1,4,1,5,5,4,3,5,3,5,4,2.5,4.25,"none"
180,1,1,1,2,3,2,2,2,3,2,33,33,34,3,3,1,1,3,5,5,3,3,3,3,6,6,NA,NA,1,57,"people who experience housing insecurity",1,2,1,5,5,3,3,5,3,5,4,1.83333333333333,4.125,"none"
181,1,1,1,2,3,3,2,2,4,5,33,33,34,4,2,1,1,3,4,4,3,4,3,2,7,6,NA,NA,1,22,"the homeless",1,2,1,5,4,4,2,4,3,5,4,2,3.875,"none"
182,1,1,1,1,3,1,2,4,3,3,75,25,0,5,4,1,1,3,7,8,3,4,3,3,7,7,NA,NA,1,100,"the homeless",1,4,1,5,5,3,3,4,3,5,3,1.83333333333333,3.875,"none"
183,1,1,1,3,3,3,2,2,3,4,20,50,30,3,3,1,1,2,1,2,1,4,4,2,1,1,NA,NA,1,72,"the homeless",2,2,1,4,3,3,3,4,3,5,5,2.33333333333333,3.75,"none"
184,1,1,1,2,1,1,2,2,3,2,50,25,25,4,4,2,2,2,6,8,3,4,4,4,7,7,1,NA,NA,72,"people who experience housing insecurity",1,1,1,5,5,2,1,3,1,5,2,1.16666666666667,3,"self"
185,1,1,1,1,1,1,2,4,2,4,60,20,20,5,4,2,2,2,6,9,3,5,4,3,7,7,NA,NA,1,69,"people who experience housing insecurity",1,1,1,5,5,1,1,2,2,4,2,1,2.75,"none"
186,1,1,1,3,2,3,2,2,3,3,33,33,34,3,3,1,2,3,4,4,2,3,3,4,1,2,1,NA,NA,49,"people who experience housing insecurity",2,2,1,3,4,3,3,4,3,5,4,2.16666666666667,3.625,"self"
187,1,1,1,3,2,2,2,4,3,3,50,50,0,3,2,1,1,1,4,4,2,3,4,3,3,2,NA,NA,1,48,"the homeless",2,2,2,5,5,3,3,3,3,4,3,2.16666666666667,3.625,"none"
188,1,1,1,2,3,2,2,5,1,5,50,25,25,5,1,1,2,3,1,1,2,4,4,2,4,4,NA,NA,1,85,"people who experience housing insecurity",3,3,2,5,5,3,3,4,4,5,5,2.5,4.25,"none"
189,1,1,1,2,1,2,2,2,3,3,40,50,10,4,4,1,2,3,6,5,3,4,3,2,2,2,NA,1,NA,19,"the homeless",2,2,3,5,5,3,3,3,3,5,3,2,3.75,"other"
190,1,1,1,1,1,2,2,4,3,4,50,40,10,2,2,2,2,2,1,1,1,5,5,5,1,1,NA,NA,1,86,"people who experience housing insecurity",1,1,2,4,5,3,3,3,2,4,5,1.33333333333333,3.625,"none"
191,1,1,1,2,4,4,2,2,3,3,50,30,20,5,2,1,1,2,1,2,1,3,3,4,1,5,NA,1,NA,48,"the homeless",1,4,2,4,4,3,3,4,3,5,4,2.83333333333333,3.75,"other"
192,1,1,1,2,2,2,2,4,3,3,40,40,20,3,3,1,2,2,5,5,3,4,4,2,7,7,NA,NA,1,85,"the homeless",1,1,1,4,4,3,3,4,3,5,5,1.5,3.875,"none"
193,1,1,1,3,2,2,2,2,1,3,25,50,25,5,4,2,2,2,4,4,2,3,5,5,1,1,NA,NA,1,51,"people who experience housing insecurity",2,2,1,1,4,2,3,3,3,4,3,2,2.875,"none"
194,1,1,1,3,2,2,2,2,3,3,75,25,0,5,5,2,2,2,7,8,3,5,1,2,7,7,1,NA,NA,46,"the homeless",1,1,1,5,5,1,1,2,1,5,3,1.66666666666667,2.875,"self"
195,1,1,1,4,1,3,2,2,3,4,60,20,20,1,2,1,1,3,4,2,2,4,3,1,3,3,NA,NA,1,90,"the homeless",2,1,3,3,5,2,2,4,2,5,3,2.33333333333333,3.25,"none"
196,1,1,1,4,3,4,2,3,4,2,60,30,10,4,2,2,2,3,1,4,1,3,3,2,3,2,NA,1,NA,18,"the homeless",2,3,1,3,3,3,2,3,3,5,4,2.83333333333333,3.25,"other"
197,1,1,1,1,1,1,2,2,1,3,35,35,30,5,5,2,2,2,6,8,3,5,4,2,7,7,1,1,NA,35,"people who experience housing insecurity",1,1,1,5,1,2,1,3,1,4,3,1,2.5,"self"
198,1,1,1,2,1,1,2,2,1,3,50,25,25,5,3,1,2,3,5,8,3,4,4,5,7,6,NA,1,NA,56,"people who experience housing insecurity",1,1,1,5,5,2,1,3,1,4,5,1.16666666666667,3.25,"other"
199,1,1,3,1,2,1,2,2,2,3,35,25,40,5,4,2,2,3,3,4,2,4,4,2,5,5,1,NA,NA,24,"people who experience housing insecurity",2,2,2,4,2,2,1,3,2,4,4,1.66666666666667,2.75,"self"
200,1,1,1,2,2,2,2,3,3,4,50,50,0,4,4,2,2,2,6,8,3,4,4,4,6,6,NA,1,NA,96,"the homeless",2,2,2,5,5,2,2,4,2,4,3,2,3.375,"other"
201,1,1,1,2,2,2,2,4,2,5,35,35,30,5,5,2,2,3,4,8,2,5,4,3,7,7,NA,1,NA,48,"people who experience housing insecurity",2,2,1,5,5,2,2,3,3,4,3,1.83333333333333,3.375,"other"
202,1,1,3,2,1,1,2,1,1,3,40,50,10,5,5,2,2,2,4,5,2,4,4,5,6,6,1,1,NA,100,"people who experience housing insecurity",2,1,1,5,5,1,2,3,1,4,4,1.33333333333333,3.125,"self"
203,1,1,1,2,2,4,2,2,3,3,33,34,33,3,3,2,2,2,4,4,2,4,3,3,4,3,NA,1,NA,48,"people who experience housing insecurity",2,2,2,4,4,3,3,3,3,5,4,2.33333333333333,3.625,"other"
204,1,1,1,4,5,5,2,4,4,4,25,50,25,5,4,1,2,2,2,5,2,4,3,2,6,2,NA,NA,1,26,"the homeless",1,3,2,5,5,5,4,4,4,5,4,3.33333333333333,4.5,"none"
205,1,1,1,2,2,2,2,1,4,5,30,70,0,5,4,1,1,1,5,4,2,4,5,5,2,2,NA,NA,1,24,"the homeless",2,3,1,5,5,4,3,4,4,5,5,2,4.375,"none"
206,1,1,1,1,3,4,2,2,4,4,50,50,0,4,1,1,1,2,2,2,2,4,3,3,2,2,NA,1,NA,24,"people who experience housing insecurity",1,2,2,3,3,2,2,2,2,5,5,2.16666666666667,3,"other"
207,1,1,1,1,1,1,2,2,3,4,50,30,20,5,3,1,1,3,6,8,3,4,3,2,7,7,1,1,NA,71,"people who experience housing insecurity",2,1,1,5,3,2,2,3,2,4,3,1.16666666666667,3,"self"
208,1,1,1,3,4,2,2,2,3,4,33,33,34,3,5,2,2,3,7,8,2,4,3,3,7,7,1,NA,NA,53,"the homeless",1,3,2,5,4,3,3,3,2,5,3,2.5,3.5,"self"
209,1,1,1,4,5,4,2,2,4,5,10,75,15,4,4,1,1,3,4,1,1,4,5,1,2,2,1,NA,NA,100,"the homeless",1,5,5,3,5,4,5,5,5,5,5,4,4.625,"self"
210,1,1,1,2,3,2,2,2,3,2,40,50,10,4,2,2,2,3,4,4,2,3,5,2,5,5,NA,1,NA,73,"the homeless",1,1,1,5,5,2,2,2,2,5,4,1.66666666666667,3.375,"other"
211,1,1,1,2,1,1,2,4,3,3,30,40,30,5,2,2,2,2,5,5,2,4,4,2,2,2,1,1,NA,93,"people who experience housing insecurity",2,1,1,4,2,3,1,3,1,4,4,1.33333333333333,2.75,"self"
212,1,1,1,4,4,3,2,3,3,3,50,50,0,4,3,1,2,2,3,5,3,3,2,1,2,2,NA,1,NA,53,"people who experience housing insecurity",2,3,4,2,2,3,4,4,3,5,5,3.33333333333333,3.5,"other"
213,1,1,1,3,2,3,2,3,2,4,60,30,10,2,2,2,2,2,4,5,3,3,3,4,6,5,1,1,NA,45,"people who experience housing insecurity",2,3,2,5,5,3,2,3,2,4,5,2.5,3.625,"self"
214,1,1,1,2,3,3,2,2,1,4,100,0,0,3,2,1,1,2,1,1,1,3,1,1,1,1,NA,1,NA,15,"people who experience housing insecurity",3,3,1,5,1,3,3,3,4,4,3,2.5,3.25,"other"
215,1,1,1,2,2,2,2,2,3,4,40,40,20,4,3,2,2,2,6,8,3,4,3,4,7,7,NA,NA,1,37,"the homeless",1,3,1,5,5,3,3,4,3,5,5,1.83333333333333,4.125,"none"
216,1,1,1,2,2,1,2,2,3,5,45,45,10,5,3,2,2,2,4,8,3,3,3,4,7,6,NA,1,NA,26,"people who experience housing insecurity",1,1,2,4,3,3,3,3,1,5,2,1.5,3,"other"
217,1,1,1,3,1,2,2,3,4,1,25,50,25,4,4,1,2,3,7,9,3,5,5,3,1,1,NA,NA,1,83,"the homeless",2,2,2,5,5,3,2,2,2,5,3,2,3.375,"none"
218,1,1,1,4,4,4,2,5,4,5,40,40,20,4,3,1,2,3,3,5,2,4,5,4,6,6,1,1,NA,13,"the homeless",2,2,2,4,5,5,5,5,5,5,5,3,4.875,"self"
219,1,1,1,3,3,2,2,2,3,1,37.5,37.5,25,3,4,2,2,2,2,3,2,4,3,1,2,2,NA,1,NA,59,"the homeless",4,3,3,5,5,3,3,3,3,5,3,3,3.75,"other"
220,1,1,1,2,2,1,2,4,3,2,30,50,20,4,4,1,2,2,6,4,3,3,2,1,2,2,1,NA,NA,71,"people who experience housing insecurity",2,3,2,4,4,4,4,3,3,4,5,2,3.875,"self"
221,1,1,1,2,4,4,2,4,3,3,20,70,10,5,5,2,2,2,7,9,3,5,5,2,5,4,NA,1,NA,47,"the homeless",1,2,2,3,3,5,1,3,1,1,4,2.5,2.625,"other"
222,1,1,1,3,2,2,2,2,3,2,35,40,25,5,4,2,2,2,7,8,2,4,5,4,6,6,NA,NA,1,87,"people who experience housing insecurity",2,2,2,3,5,3,3,4,3,4,5,2.16666666666667,3.75,"none"
224,1,1,1,1,1,1,2,1,3,3,100,0,0,5,5,2,2,3,7,8,3,4,4,5,7,7,1,NA,NA,65,"people who experience housing insecurity",1,1,1,5,5,1,1,3,1,5,1,1,2.75,"self"
225,1,1,1,1,2,1,2,2,2,2,34,33,33,2,2,2,2,3,5,5,3,4,3,5,7,7,NA,1,NA,58,"the homeless",1,4,2,5,5,2,2,2,2,4,4,1.83333333333333,3.25,"other"
226,1,1,1,2,2,1,2,2,2,4,50,25,25,5,5,2,2,3,7,8,3,4,3,3,7,6,NA,1,NA,73,"people who experience housing insecurity",2,1,1,5,5,2,2,3,2,4,4,1.5,3.375,"other"
227,1,1,1,2,1,1,2,2,3,4,100,0,0,5,5,1,1,1,1,1,2,3,3,1,2,2,1,1,NA,58,"people who experience housing insecurity",2,1,1,5,5,3,3,4,3,5,4,1.33333333333333,4,"self"
228,1,1,1,1,1,1,2,2,3,5,75,10,15,4,3,2,2,2,5,8,3,5,5,1,4,5,NA,1,NA,26,"the homeless",1,1,1,5,5,1,1,2,2,5,5,1,3.25,"other"
229,1,1,1,4,2,1,2,4,2,5,40,50,10,2,3,2,2,2,5,5,2,4,3,3,5,5,NA,1,NA,38,"people who experience housing insecurity",2,1,1,5,5,3,2,3,3,5,4,1.83333333333333,3.75,"other"
230,1,1,1,2,2,2,2,5,3,4,60,30,10,4,4,2,2,2,6,8,3,4,4,2,4,4,NA,1,NA,24,"the homeless",4,4,2,5,5,3,2,3,2,5,4,2.66666666666667,3.625,"other"
231,1,1,1,5,4,1,2,5,4,4,50,50,0,5,3,1,2,3,1,4,1,4,2,1,1,1,NA,1,NA,48,"people who experience housing insecurity",3,4,1,5,5,2,3,4,3,5,3,3,3.75,"other"
232,1,1,1,4,5,2,2,4,4,1,0,100,0,4,2,2,2,3,4,5,2,3,4,1,1,1,NA,NA,1,13,"the homeless",2,5,3,2,5,4,4,3,4,5,4,3.5,3.875,"none"
233,1,1,1,1,1,1,2,4,3,4,25,50,25,5,5,2,2,2,5,4,2,4,3,3,5,5,NA,NA,1,66,"people who experience housing insecurity",4,1,1,5,5,2,1,3,1,3,2,1.5,2.75,"none"
234,1,1,1,3,2,2,2,3,4,5,100,0,0,5,1,1,1,1,4,2,2,3,3,1,4,4,NA,NA,1,43,"the homeless",3,2,2,5,5,2,3,3,2,4,5,2.33333333333333,3.625,"none"
235,1,1,1,3,2,3,2,4,4,5,33,34,33,4,3,1,2,3,1,3,1,4,3,2,2,1,1,1,NA,49,"people who experience housing insecurity",2,1,2,3,3,2,4,4,5,5,3,2.16666666666667,3.625,"self"
236,1,1,1,4,2,1,2,4,3,4,45,45,10,4,3,2,2,4,3,4,3,4,4,3,6,5,NA,1,NA,55,"people who experience housing insecurity",2,2,3,5,5,3,2,3,3,5,3,2.33333333333333,3.625,"other"
237,1,1,1,1,1,1,2,2,3,1,50,25,25,5,5,2,2,2,4,8,3,3,5,3,6,7,1,1,NA,75,"people who experience housing insecurity",1,1,1,5,5,1,1,1,1,5,5,1,3,"self"
238,1,3,1,3,5,4,2,2,4,3,50,40,10,4,2,2,2,2,4,3,1,3,4,4,5,2,NA,NA,1,62,"the homeless",2,4,2,3,3,3,2,4,3,5,2,3.33333333333333,3.125,"none"
239,1,1,1,2,2,2,2,2,3,5,33,34,33,4,3,2,2,3,5,8,3,3,3,2,7,7,1,1,NA,40,"the homeless",1,1,1,5,5,2,2,3,2,4,4,1.5,3.375,"self"
240,1,1,1,4,4,2,2,4,3,3,33,34,33,3,3,2,2,2,3,5,2,4,3,1,5,5,NA,NA,1,83,"the homeless",2,2,2,4,2,3,3,4,3,5,4,2.66666666666667,3.5,"none"
241,1,1,1,1,2,2,2,4,2,5,33,33,34,4,3,2,2,2,4,5,3,3,2,3,5,5,1,1,NA,61,"people who experience housing insecurity",1,2,1,5,4,3,3,3,3,5,4,1.5,3.75,"self"
242,1,1,1,3,4,3,2,4,1,3,30,40,30,4,3,2,2,2,5,4,3,4,4,3,7,7,NA,1,1,NA,"people who experience housing insecurity",3,3,2,2,2,2,3,4,3,2,3,3,2.625,"other"
243,1,1,1,2,2,3,2,2,3,5,80,5,15,3,2,2,2,2,4,8,3,3,5,2,6,6,NA,1,NA,42,"the homeless",1,2,2,4,5,3,3,3,3,5,5,2,3.875,"other"
245,1,1,1,1,2,3,2,2,3,1,100,0,0,2,2,1,2,2,6,5,3,4,3,2,6,6,NA,1,NA,66,"the homeless",2,2,1,5,5,2,3,3,3,5,4,1.83333333333333,3.75,"other"
246,1,1,1,3,2,3,2,4,4,2,30,40,30,4,4,2,2,2,4,4,2,3,3,1,2,2,NA,1,NA,72,"the homeless",2,1,1,4,5,3,3,4,3,5,5,2,4,"other"
247,1,1,1,3,3,2,2,2,3,3,50,10,40,5,4,1,2,1,5,3,2,4,3,2,6,6,NA,NA,1,51,"people who experience housing insecurity",2,4,2,2,4,4,4,4,4,5,5,2.66666666666667,4,"none"
248,1,1,1,4,3,3,2,4,4,1,50,0,50,5,1,1,1,2,1,1,2,5,4,4,1,1,NA,NA,1,24,"the homeless",2,2,2,3,3,4,4,4,3,5,5,2.66666666666667,3.875,"none"
249,1,1,1,1,1,1,2,1,3,5,100,0,0,5,4,1,1,1,2,4,1,4,4,3,7,7,NA,NA,1,88,"people who experience housing insecurity",1,1,1,5,5,2,2,3,3,5,4,1,3.625,"none"
250,1,1,1,1,2,2,2,3,3,3,70,25,5,5,4,2,2,2,6,8,3,3,3,4,7,6,NA,NA,1,32,"people who experience housing insecurity",1,2,1,5,5,2,1,3,2,4,5,1.5,3.375,"none"
252,1,1,1,4,4,2,2,5,4,2,25,50,25,4,1,1,1,1,1,1,1,3,4,1,1,1,NA,NA,1,54,"people who experience housing insecurity",5,3,3,2,2,4,3,5,4,5,4,3.5,3.625,"none"
253,1,1,1,4,3,3,2,3,2,3,40,40,20,4,3,2,2,2,4,5,3,4,3,3,6,3,NA,1,NA,73,"the homeless",1,2,1,4,3,3,3,4,3,4,4,2.33333333333333,3.5,"other"
254,1,1,1,5,1,1,2,4,3,2,50,40,10,4,4,1,2,1,7,9,3,5,4,1,1,1,NA,NA,1,22,"the homeless",1,1,5,5,1,5,2,5,2,5,5,2.33333333333333,3.75,"none"
255,1,1,1,1,2,1,2,4,3,3,50,50,0,5,4,2,2,2,6,9,3,3,2,5,1,1,NA,1,NA,51,"people who experience housing insecurity",5,3,3,3,5,3,2,3,3,2,3,2.5,3,"other"
256,1,1,1,2,5,5,2,3,3,1,15,70,15,4,3,1,2,2,4,3,2,3,3,4,5,4,NA,NA,1,75,"the homeless",2,3,3,4,4,4,3,4,4,5,5,3.33333333333333,4.125,"none"
257,1,1,1,1,1,1,2,4,3,5,30,30,40,5,5,2,2,2,6,5,3,3,3,3,7,7,1,1,NA,83,"people who experience housing insecurity",1,1,1,5,5,2,2,3,3,5,4,1,3.625,"self"
258,1,1,1,2,1,1,2,2,2,2,34,33,33,4,3,1,1,2,5,8,3,2,3,5,6,6,1,NA,NA,41,"people who experience housing insecurity",1,1,1,4,5,2,2,3,2,4,4,1.16666666666667,3.25,"self"
259,1,1,1,2,2,2,2,4,3,3,50,25,25,2,2,2,2,3,5,4,3,4,4,3,5,5,NA,NA,1,35,"people who experience housing insecurity",2,2,5,4,4,2,3,2,3,3,4,2.5,3.125,"none"
260,1,1,1,2,4,4,2,2,4,5,33,33,34,4,4,1,1,3,2,8,3,5,4,5,6,6,1,NA,NA,73,"the homeless",1,2,2,5,5,3,2,3,3,5,3,2.5,3.625,"self"
261,1,1,1,5,4,4,2,3,1,5,40,30,30,4,4,2,1,3,4,8,3,5,5,4,1,1,1,NA,NA,99,"the homeless",1,2,1,2,2,2,1,2,1,2,1,2.83333333333333,1.625,"self"
262,1,1,1,2,2,2,2,4,4,3,50,50,0,4,3,1,1,2,3,4,2,4,4,4,2,5,NA,NA,1,48,"the homeless",1,2,1,5,5,3,2,3,2,5,3,1.66666666666667,3.5,"none"
263,1,1,1,4,4,4,2,4,4,4,25,25,50,4,2,1,1,1,1,2,1,3,2,1,1,2,NA,NA,1,23,"the homeless",4,4,4,1,2,4,4,4,4,5,4,4,3.5,"none"
264,1,1,1,5,5,5,2,5,4,5,45,45,10,5,1,1,1,3,2,5,2,3,3,2,2,1,NA,NA,1,10,"the homeless",4,4,4,1,1,5,5,3,4,5,5,4.5,3.625,"none"
265,1,1,1,2,2,2,2,2,3,3,30,10,60,4,3,2,2,3,5,8,3,4,4,4,6,6,NA,1,NA,51,"people who experience housing insecurity",2,2,2,4,4,2,2,3,2,4,3,2,3,"other"
266,1,1,1,4,3,2,2,4,4,4,60,20,20,5,2,1,2,2,1,1,1,4,4,2,1,1,NA,NA,1,89,"people who experience housing insecurity",1,4,1,5,5,5,4,5,4,5,5,2.5,4.75,"none"
267,1,1,1,1,1,2,2,2,3,1,30,50,20,5,5,2,2,1,6,5,3,4,4,1,2,1,NA,1,NA,80,"the homeless",1,1,2,4,5,4,3,3,3,5,3,1.33333333333333,3.75,"other"
268,1,1,1,4,3,3,2,3,3,4,50,50,0,5,5,2,2,2,4,4,3,3,4,4,2,2,NA,NA,1,72,"people who experience housing insecurity",1,2,2,1,2,3,3,4,3,4,4,2.5,3,"none"
269,1,1,1,5,4,2,2,5,4,5,10,80,10,2,2,1,1,3,3,4,2,4,3,2,7,7,NA,1,NA,72,"people who experience housing insecurity",1,4,1,4,3,4,3,4,3,5,4,2.83333333333333,3.75,"other"
270,1,1,1,1,3,1,2,2,3,3,100,0,0,4,1,1,2,3,2,2,1,4,4,1,3,1,NA,NA,1,15,"people who experience housing insecurity",2,1,1,3,4,3,2,4,2,5,5,1.5,3.5,"none"
271,1,1,1,1,1,1,2,3,4,5,30,50,20,3,4,1,2,3,5,5,3,5,5,1,6,6,NA,NA,1,77,"the homeless",1,1,1,5,5,3,2,4,3,3,3,1,3.5,"none"
272,1,1,1,3,1,2,2,4,1,3,35,35,30,5,3,2,2,3,5,9,2,4,4,1,1,1,NA,NA,1,64,"the homeless",2,2,1,4,4,2,3,2,2,2,2,1.83333333333333,2.625,"none"
273,1,1,1,2,3,2,2,3,3,2,33,34,33,5,1,2,2,2,6,5,3,4,3,3,5,4,NA,NA,1,72,"the homeless",1,3,1,5,5,3,3,3,3,5,5,2,4,"none"
274,1,1,1,3,4,3,2,4,4,2,50,50,0,3,2,2,2,2,1,3,2,4,4,4,2,1,NA,NA,1,56,"the homeless",2,3,2,4,4,4,4,4,4,5,5,2.83333333333333,4.25,"none"
275,1,1,1,3,1,2,2,4,2,2,50,40,10,3,1,2,2,3,3,3,2,3,3,2,2,2,NA,NA,1,31,"people who experience housing insecurity",2,2,1,2,3,3,2,4,2,5,4,1.83333333333333,3.125,"none"
276,1,1,1,3,1,3,2,4,3,4,40,40,20,5,2,2,2,2,6,8,3,4,4,2,5,5,NA,1,NA,37,"people who experience housing insecurity",1,1,1,5,5,3,3,3,2,4,4,1.66666666666667,3.625,"other"
277,1,1,1,1,1,1,2,2,3,4,50,0,50,4,4,2,2,3,2,4,2,4,2,1,6,6,NA,NA,1,47,"people who experience housing insecurity",1,1,1,5,5,3,2,3,3,4,3,1,3.5,"none"
278,1,1,1,1,1,1,2,4,3,4,65,35,0,5,1,1,2,2,1,2,1,3,3,1,2,2,NA,1,NA,60,"the homeless",1,1,1,5,5,2,2,3,2,4,3,1,3.25,"other"
279,1,1,1,4,5,4,2,4,2,3,50,49,1,5,5,1,2,1,4,1,1,4,4,4,3,1,NA,1,NA,26,"the homeless",1,3,1,5,5,2,2,3,3,5,3,3,3.5,"other"
280,1,1,1,1,2,2,2,2,3,1,40,45,15,3,5,2,2,2,5,5,3,4,5,3,7,7,NA,1,NA,37,"the homeless",1,2,2,5,4,1,1,1,1,4,3,1.66666666666667,2.5,"other"
281,1,1,1,3,2,3,2,4,4,3,40,40,20,4,2,2,2,3,2,2,1,4,4,4,1,3,NA,NA,1,62,"people who experience housing insecurity",2,2,3,3,3,3,3,3,3,4,4,2.5,3.25,"none"
282,1,1,1,4,3,2,2,4,4,4,25,40,35,4,2,1,2,1,2,3,1,3,4,2,2,2,NA,NA,1,48,"the homeless",2,2,2,3,5,3,3,4,3,5,4,2.5,3.75,"none"
283,1,1,1,2,2,3,2,2,3,3,40,30,30,4,3,1,2,3,1,2,3,4,4,2,5,3,NA,1,NA,31,"the homeless",2,2,2,4,4,3,3,4,2,5,4,2.16666666666667,3.625,"other"
284,1,1,1,2,1,1,2,4,1,1,30,30,40,4,3,1,1,3,1,1,2,5,1,1,1,1,1,NA,NA,33,"people who experience housing insecurity",2,1,2,4,3,3,3,3,3,4,3,1.5,3.25,"self"
285,1,1,1,2,3,2,2,4,3,2,30,30,40,3,1,1,1,3,4,5,2,3,2,3,6,6,NA,NA,1,39,"the homeless",1,3,2,4,3,4,3,4,3,5,4,2.16666666666667,3.75,"none"
286,1,1,1,5,5,4,2,4,4,1,50,50,0,5,4,1,1,1,1,2,2,3,3,2,1,1,NA,NA,1,74,"people who experience housing insecurity",2,4,4,2,3,4,3,4,3,5,5,4,3.625,"none"
287,1,1,1,3,3,3,2,4,3,2,10,20,70,3,2,1,2,2,3,5,1,4,4,2,4,3,NA,NA,1,72,"people who experience housing insecurity",1,3,3,2,2,3,3,4,3,5,4,2.66666666666667,3.25,"none"
288,1,1,1,4,5,3,2,4,2,4,40,30,30,5,4,1,2,3,6,8,3,5,5,3,1,1,1,NA,NA,73,"the homeless",2,1,3,3,5,1,2,3,2,4,2,3,2.75,"self"
289,1,1,1,3,4,3,2,2,4,3,50,50,0,4,2,1,2,3,3,4,3,3,3,2,5,4,NA,NA,1,47,"people who experience housing insecurity",1,2,4,2,3,4,3,4,3,5,5,2.83333333333333,3.625,"none"
291,1,1,1,3,2,3,2,3,4,1,40,40,20,5,2,1,2,3,4,4,2,3,3,2,4,4,NA,1,NA,48,"the homeless",2,1,1,3,5,3,3,4,3,5,4,2,3.75,"other"
292,1,1,1,4,3,3,2,5,3,2,0,0,100,4,1,1,2,3,2,4,2,3,4,4,5,1,NA,NA,1,1,"people who experience housing insecurity",3,3,2,2,4,3,2,2,2,3,3,3,2.625,"none"
293,1,1,1,2,1,1,2,4,2,4,60,30,10,4,5,2,2,2,6,8,3,4,5,2,1,1,NA,1,1,55,"people who experience housing insecurity",1,2,2,5,4,2,3,4,2,5,2,1.5,3.375,"other"
294,1,1,1,1,1,2,2,3,3,5,60,35,5,4,4,2,2,2,7,8,3,5,4,2,1,1,NA,1,NA,83,"the homeless",2,2,2,5,4,3,4,4,3,5,1,1.66666666666667,3.625,"other"
295,1,1,1,4,5,3,2,4,2,3,40,30,30,5,4,2,2,3,7,8,3,4,5,4,1,1,NA,1,NA,82,"people who experience housing insecurity",2,1,3,4,5,1,2,2,2,4,2,3,2.75,"other"
296,1,3,1,4,3,3,2,4,4,3,30,40,30,4,2,2,2,3,4,3,2,4,3,2,3,3,NA,NA,1,56,"people who experience housing insecurity",1,2,2,2,1,3,1,3,2,4,3,2.5,2.375,"none"
297,1,1,1,3,2,5,2,4,4,3,25,50,25,4,3,1,2,3,1,2,1,4,4,2,2,2,NA,NA,1,20,"the homeless",1,1,1,4,4,2,3,3,3,4,4,2.16666666666667,3.375,"none"
298,1,1,1,2,2,2,2,2,3,5,60,20,20,5,5,1,1,1,1,1,1,4,3,4,2,2,1,NA,NA,100,"the homeless",1,2,1,5,5,3,3,3,2,5,4,1.66666666666667,3.75,"self"
299,1,1,1,5,2,2,2,4,3,3,30,40,30,5,5,2,2,1,6,9,3,5,5,5,1,1,1,NA,1,69,"the homeless",2,1,2,2,2,4,3,4,2,2,2,2.33333333333333,2.625,"self"
300,1,1,1,5,5,4,2,5,4,3,0,0,100,5,5,1,2,2,6,8,3,5,5,4,1,1,NA,1,NA,50,"the homeless",2,5,5,1,2,4,4,4,4,4,4,4.33333333333333,3.375,"other"
301,1,1,1,3,1,2,2,2,2,4,30,40,30,4,3,1,1,1,1,2,1,4,4,2,3,3,NA,1,NA,43,"the homeless",1,1,1,4,5,3,2,2,2,4,3,1.5,3.125,"other"
302,1,1,1,1,1,3,2,2,4,5,35,35,30,5,2,1,1,3,2,2,2,4,4,4,2,2,NA,1,NA,61,"the homeless",1,1,1,4,5,3,3,3,3,5,5,1.33333333333333,3.875,"other"
303,1,1,1,2,4,4,2,4,3,3,30,50,20,3,3,2,2,2,6,8,2,4,3,2,2,2,NA,NA,1,63,"people who experience housing insecurity",3,3,2,3,3,4,3,4,4,3,4,3,3.5,"none"
304,1,1,1,3,2,2,2,2,3,3,50,30,20,5,3,1,2,2,6,5,3,4,4,1,2,2,NA,NA,1,49,"people who experience housing insecurity",3,2,2,4,4,1,1,3,2,5,4,2.33333333333333,3,"none"
305,1,1,1,1,4,4,2,2,4,2,50,40,10,3,2,2,2,4,2,5,3,3,5,5,3,1,NA,1,NA,50,"the homeless",1,4,2,5,5,4,3,4,4,5,5,2.66666666666667,4.375,"other"
306,1,1,1,2,2,2,2,2,3,2,20,35,45,5,4,1,2,2,6,5,3,4,5,3,6,6,NA,NA,1,14,"people who experience housing insecurity",1,3,5,4,3,3,3,3,3,4,5,2.5,3.5,"none"
307,1,1,1,2,2,2,2,5,3,2,40,40,20,5,4,2,1,2,7,9,3,5,4,4,7,7,NA,NA,1,74,"the homeless",2,2,1,4,4,4,3,2,2,5,3,1.83333333333333,3.375,"none"
308,1,1,1,2,1,2,2,2,2,4,30,50,20,3,3,2,2,2,4,3,2,4,5,1,3,1,1,1,NA,48,"people who experience housing insecurity",2,1,1,5,5,3,1,3,1,4,5,1.5,3.375,"self"
309,1,1,1,2,1,1,2,3,3,4,70,10,20,5,4,2,2,2,5,5,3,3,3,2,7,6,NA,NA,1,73,"people who experience housing insecurity",1,1,1,5,5,2,2,4,2,4,3,1.16666666666667,3.375,"none"
310,1,1,1,2,2,2,2,2,3,4,75,25,0,5,3,1,2,2,6,8,3,4,4,5,7,7,1,1,NA,76,"people who experience housing insecurity",1,2,1,5,4,3,2,4,3,5,5,1.66666666666667,3.875,"self"
311,1,1,1,2,1,2,2,4,3,3,40,30,30,4,3,2,2,2,5,5,3,4,3,3,3,5,1,1,NA,57,"people who experience housing insecurity",2,1,1,3,3,3,2,3,2,4,3,1.5,2.875,"self"
312,1,1,1,1,1,1,2,4,3,5,20,40,40,5,2,1,2,1,4,1,2,5,5,3,1,1,1,1,NA,98,"people who experience housing insecurity",1,1,1,3,5,2,2,2,1,5,4,1,3,"self"
313,1,1,1,2,1,1,2,4,3,3,50,50,0,5,5,2,2,2,5,5,3,4,4,3,2,2,1,1,NA,48,"people who experience housing insecurity",1,1,1,5,5,3,2,3,1,4,3,1.16666666666667,3.25,"self"
315,1,1,1,4,3,2,2,3,2,4,50,50,0,4,1,1,2,2,1,2,1,3,2,3,2,1,1,NA,NA,72,"people who experience housing insecurity",1,3,3,3,4,3,3,3,3,5,5,2.66666666666667,3.625,"self"
316,1,1,1,3,2,2,2,4,3,3,0,100,0,5,1,1,1,4,1,1,1,4,3,1,1,2,NA,NA,1,100,"people who experience housing insecurity",2,2,2,5,3,3,3,4,3,5,4,2.16666666666667,3.75,"none"
317,1,1,1,4,3,3,2,4,2,2,40,30,30,3,4,2,1,2,6,8,3,5,4,4,1,1,NA,NA,1,62,"people who experience housing insecurity",2,2,2,2,3,2,3,3,3,3,2,2.66666666666667,2.625,"none"
318,1,1,1,2,1,1,2,1,2,4,80,10,10,5,5,2,2,2,5,4,3,3,1,3,2,3,NA,1,NA,88,"people who experience housing insecurity",5,2,1,5,5,2,2,2,2,3,3,2,3,"other"
319,1,1,1,4,3,3,2,3,4,4,30,30,40,4,1,1,1,3,1,1,2,4,2,3,1,1,NA,NA,1,55,"the homeless",3,1,3,2,3,3,2,3,3,5,5,2.83333333333333,3.25,"none"
320,1,1,1,2,1,4,2,3,3,4,50,25,25,5,3,2,2,2,2,2,2,3,4,2,4,2,1,1,NA,70,"people who experience housing insecurity",2,1,3,4,4,4,4,4,3,4,3,2.16666666666667,3.75,"self"
321,1,1,1,2,3,3,2,3,3,4,25,25,50,3,1,1,2,3,3,3,2,3,3,2,6,4,NA,NA,1,25,"the homeless",3,2,2,3,5,3,3,3,3,5,5,2.5,3.75,"none"
322,1,1,1,2,1,2,2,2,3,4,40,30,30,5,3,2,2,2,4,4,3,3,4,1,7,7,1,1,NA,69,"people who experience housing insecurity",1,2,1,5,5,3,3,3,3,5,5,1.5,4,"self"
323,1,1,1,3,2,2,2,3,3,2,40,30,30,4,4,2,2,3,4,4,2,5,5,2,2,2,NA,NA,1,83,"the homeless",2,2,4,3,3,4,3,3,3,3,3,2.5,3.125,"none"
324,1,1,1,2,5,4,2,4,4,4,33.33,33.33,33.34,5,4,2,2,2,6,5,3,3,3,5,7,2,NA,NA,1,47,"the homeless",1,5,4,5,5,4,3,4,4,5,5,3.5,4.375,"none"
325,1,1,1,2,1,2,2,1,1,5,50,0,50,5,5,2,2,2,5,4,2,5,4,3,7,7,NA,1,NA,24,"the homeless",1,1,1,5,5,1,1,3,1,4,3,1.33333333333333,2.875,"other"
326,1,1,1,2,1,1,2,2,1,4,40,40,20,5,5,1,2,2,5,5,3,3,3,4,6,6,NA,1,NA,53,"people who experience housing insecurity",1,1,1,5,3,2,2,3,3,5,4,1.16666666666667,3.375,"other"
328,1,1,1,2,1,2,2,3,3,3,25,50,25,4,4,2,2,2,6,8,3,3,3,2,2,3,NA,NA,1,49,"the homeless",1,1,1,5,5,2,2,3,2,5,5,1.33333333333333,3.625,"none"
329,1,1,1,2,2,3,2,4,4,2,45,45,10,5,4,1,1,1,4,2,2,3,4,5,1,1,NA,1,NA,40,"people who experience housing insecurity",2,2,3,3,3,2,3,3,3,3,3,2.33333333333333,2.875,"other"
330,1,1,1,3,2,2,2,3,3,3,35,35,30,4,4,2,2,3,5,4,2,4,4,1,2,2,NA,NA,1,94,"people who experience housing insecurity",2,2,2,4,3,3,3,3,3,3,3,2.16666666666667,3.125,"none"
331,1,1,1,1,1,1,2,2,2,4,80,10,10,5,5,1,2,3,4,5,2,4,5,4,7,7,NA,NA,1,73,"people who experience housing insecurity",4,1,1,5,5,2,1,3,2,4,5,1.5,3.375,"none"
332,1,1,1,2,3,2,2,2,3,5,50,50,0,5,5,2,2,2,2,4,3,4,3,1,3,3,NA,NA,1,100,"people who experience housing insecurity",1,2,1,5,5,4,1,5,3,5,5,1.83333333333333,4.125,"none"
333,1,1,1,5,3,2,2,2,4,1,0,75,25,5,3,1,2,1,2,2,1,4,5,3,3,3,NA,NA,1,72,"the homeless",2,4,1,4,4,4,4,4,3,5,2,2.83333333333333,3.75,"none"
334,1,1,1,1,1,1,2,4,3,2,40,30,30,4,4,2,2,2,6,5,3,4,5,4,6,4,1,NA,NA,78,"the homeless",3,1,2,5,5,2,2,2,2,5,2,1.5,3.125,"self"
335,1,1,1,3,3,2,2,3,3,3,30,40,30,5,2,1,2,3,4,5,3,4,3,3,6,2,NA,NA,1,78,"the homeless",1,3,1,5,5,3,3,4,3,4,4,2.16666666666667,3.875,"none"
336,1,1,1,4,4,4,2,4,2,3,20,60,20,4,4,2,1,2,6,8,3,4,4,4,3,3,NA,1,NA,53,"people who experience housing insecurity",1,2,2,1,2,3,2,2,3,3,2,2.83333333333333,2.25,"other"
337,1,1,1,4,2,1,2,2,3,4,30,65,5,4,4,2,2,3,2,5,2,4,4,5,3,3,NA,NA,1,48,"people who experience housing insecurity",2,4,1,2,4,4,2,4,2,5,4,2.33333333333333,3.375,"none"
338,1,1,3,2,2,1,2,2,3,3,70,20,10,4,4,2,2,2,4,4,3,4,3,5,6,6,NA,NA,1,43,"people who experience housing insecurity",3,2,1,4,4,3,3,3,3,5,4,1.83333333333333,3.625,"none"
339,1,1,1,2,3,3,2,2,3,2,50,50,0,3,2,1,2,2,1,2,2,2,2,2,2,2,NA,1,NA,60,"people who experience housing insecurity",5,3,3,4,5,3,3,3,3,3,3,3.16666666666667,3.375,"other"
340,1,1,1,2,3,3,2,2,3,5,40,20,40,3,3,2,2,2,4,5,2,3,3,3,6,4,NA,1,NA,72,"the homeless",3,3,1,3,3,4,2,4,3,4,4,2.5,3.375,"other"
341,1,1,1,1,1,1,2,3,2,3,40,40,20,4,4,1,2,2,6,5,3,5,5,1,2,2,NA,1,NA,83,"people who experience housing insecurity",2,1,1,4,5,3,3,3,2,2,2,1.16666666666667,3,"other"
342,1,1,1,4,4,4,2,5,4,4,30,40,30,5,1,1,1,2,1,2,2,3,2,4,1,1,NA,1,NA,69,"the homeless",2,3,2,2,3,4,4,4,4,5,4,3.16666666666667,3.75,"other"
343,1,1,1,4,4,4,2,4,4,3,5,90,5,5,3,1,2,3,3,4,2,4,3,4,4,2,NA,NA,1,100,"the homeless",2,3,1,4,3,3,2,3,3,5,3,3,3.25,"none"
344,1,1,1,2,1,4,2,4,4,5,30,50,20,5,1,1,1,1,2,4,3,4,1,1,6,6,1,NA,NA,100,"people who experience housing insecurity",2,3,3,5,5,5,4,5,3,5,5,2.5,4.625,"self"
345,1,1,1,3,5,4,2,5,4,3,50,50,0,5,3,1,2,3,2,2,2,4,4,3,2,3,NA,1,NA,50,"the homeless",5,3,3,3,3,4,3,5,3,5,5,3.83333333333333,3.875,"other"
346,1,1,1,3,2,4,2,3,4,5,60,20,20,5,3,1,1,3,1,1,2,5,3,1,1,1,NA,NA,1,83,"the homeless",5,3,4,5,5,5,3,4,3,5,4,3.5,4.25,"none"
347,1,1,1,1,3,3,2,2,3,5,50,25,25,4,4,1,2,4,4,5,3,3,3,3,5,6,NA,NA,1,100,"the homeless",1,3,1,5,5,2,3,3,3,5,5,2,3.875,"none"
348,1,1,1,3,3,3,2,3,3,3,50,50,0,5,4,2,2,2,7,9,3,5,5,5,1,1,NA,NA,1,75,"the homeless",3,1,1,5,5,3,2,1,2,2,5,2.33333333333333,3.125,"none"
349,1,1,1,1,1,1,2,1,3,5,60,20,20,3,4,1,1,2,6,5,3,5,4,2,7,6,NA,1,NA,42,"the homeless",1,2,1,5,5,2,2,2,3,5,3,1.16666666666667,3.375,"other"
350,1,1,1,2,2,2,2,4,3,2,30,40,30,5,3,1,2,3,5,4,2,4,4,2,2,2,NA,NA,1,55,"the homeless",2,2,2,4,5,2,2,2,1,4,2,2,2.75,"none"
351,1,1,1,4,4,2,2,2,2,4,60,20,20,3,3,2,2,2,5,5,2,4,3,1,1,1,NA,NA,1,54,"people who experience housing insecurity",2,3,2,4,3,2,3,3,3,3,2,2.83333333333333,2.875,"none"
352,1,1,1,1,1,1,2,5,3,3,50,30,20,4,4,2,2,2,6,5,3,5,4,3,6,6,NA,NA,1,84,"the homeless",1,1,1,5,5,1,1,1,1,5,1,1,2.5,"none"
353,1,1,1,5,4,4,2,4,3,3,35,30,35,4,4,1,2,2,6,8,3,4,3,4,1,2,NA,NA,1,69,"the homeless",3,2,1,2,3,2,2,3,2,3,2,3.16666666666667,2.375,"none"
354,1,1,1,4,5,4,2,4,4,5,100,0,0,5,1,1,1,2,2,2,2,5,2,1,1,1,1,NA,NA,10,"the homeless",4,1,2,3,5,3,2,5,2,5,4,3.33333333333333,3.625,"self"
356,1,1,1,1,1,3,2,5,4,3,20,30,50,4,4,2,1,4,7,5,3,4,4,1,3,3,NA,NA,1,25,"people who experience housing insecurity",1,5,3,1,3,4,5,4,4,1,2,2.33333333333333,3,"none"
357,1,1,1,3,2,2,2,2,3,4,40,60,0,2,3,2,1,2,5,3,2,4,4,2,3,5,NA,1,NA,52,"people who experience housing insecurity",2,2,3,2,5,4,3,3,2,3,3,2.33333333333333,3.125,"other"
358,1,1,1,3,3,2,2,2,3,3,0,0,100,3,2,1,2,4,1,2,1,2,1,4,3,1,NA,1,NA,61,"people who experience housing insecurity",2,2,1,1,5,3,3,4,3,5,5,2.16666666666667,3.625,"other"
359,1,1,1,1,1,3,2,3,2,3,50,30,20,5,5,2,2,2,6,8,3,4,4,4,2,2,NA,NA,1,48,"people who experience housing insecurity",1,3,3,5,5,4,3,5,3,5,5,2,4.375,"none"
360,1,1,1,2,1,1,2,2,3,2,35,50,15,4,4,1,2,3,5,5,2,4,3,2,2,3,NA,NA,1,46,"the homeless",4,1,2,4,5,3,2,3,3,4,3,1.83333333333333,3.375,"none"
361,1,1,1,1,3,2,2,2,3,2,60,20,20,3,3,2,2,2,7,8,3,3,3,4,1,2,NA,NA,1,59,"people who experience housing insecurity",3,4,2,5,3,3,3,5,4,5,4,2.5,4,"none"
362,1,1,3,1,2,1,2,5,3,5,40,40,20,5,5,2,2,2,7,8,3,4,5,1,6,7,NA,NA,1,82,"the homeless",1,1,1,3,5,2,2,2,1,4,3,1.16666666666667,2.75,"none"
363,1,1,1,3,2,3,2,4,3,4,100,0,0,4,2,2,2,2,4,4,2,4,4,2,2,2,NA,1,NA,54,"people who experience housing insecurity",2,2,2,3,2,2,2,3,3,4,4,2.33333333333333,2.875,"other"
364,1,1,1,4,4,4,2,2,3,2,30,40,30,3,2,1,2,2,3,4,2,3,3,3,1,1,NA,NA,1,37,"people who experience housing insecurity",2,3,2,2,2,3,2,2,3,3,3,3.16666666666667,2.5,"none"
365,1,1,1,3,2,3,2,2,3,1,35,35,30,3,3,1,1,3,5,5,2,3,1,3,1,1,NA,1,NA,84,"people who experience housing insecurity",2,3,4,4,5,4,3,4,2,3,4,2.83333333333333,3.625,"other"
366,1,1,1,1,4,4,2,1,4,5,70,10,20,4,3,1,2,2,1,1,1,3,3,2,1,1,NA,1,NA,27,"the homeless",2,2,2,4,5,5,2,4,4,5,5,2.5,4.25,"other"
367,1,1,1,3,2,3,2,3,4,2,60,20,20,4,5,1,2,1,7,9,3,5,4,5,1,1,NA,NA,1,56,"the homeless",3,4,1,2,2,3,3,3,2,3,4,2.66666666666667,2.75,"none"
368,1,1,1,2,3,3,2,3,1,3,35,35,30,3,2,2,2,3,4,5,3,3,4,5,2,5,NA,NA,1,49,"people who experience housing insecurity",2,2,2,3,3,4,3,4,3,4,4,2.33333333333333,3.5,"none"
369,1,1,1,5,5,4,2,5,4,5,50,50,0,4,1,1,1,3,3,3,2,4,3,5,1,1,NA,1,NA,29,"the homeless",1,3,1,2,2,2,4,3,3,5,4,3.16666666666667,3.125,"other"
370,1,1,1,2,4,3,2,4,1,2,28,47,25,4,4,2,2,2,6,8,3,4,3,2,2,2,NA,1,NA,61,"the homeless",5,1,4,3,3,2,3,4,2,5,3,3.16666666666667,3.125,"other"
371,1,1,1,1,1,1,2,3,3,3,55,25,20,4,4,2,2,2,5,3,2,5,4,2,1,2,NA,1,NA,96,"the homeless",3,1,1,5,5,2,2,2,2,3,2,1.33333333333333,2.875,"other"
372,1,1,1,2,2,2,2,2,3,3,33,33,34,3,3,2,2,2,4,5,3,4,3,2,7,7,1,1,NA,31,"the homeless",2,2,2,5,5,2,2,3,2,5,3,2,3.375,"self"
373,1,1,1,3,4,4,2,3,1,3,25,45,30,3,3,2,2,2,7,9,3,2,3,4,1,1,NA,1,NA,36,"people who experience housing insecurity",3,2,3,3,2,3,2,1,3,2,2,3.16666666666667,2.25,"other"
374,1,1,1,3,4,3,2,4,3,1,40,30,30,5,5,2,2,2,7,8,3,4,3,4,2,2,NA,NA,1,72,"the homeless",1,4,2,3,4,3,4,2,3,5,5,2.83333333333333,3.625,"none"
375,1,1,1,2,2,4,2,4,2,2,25,25,50,3,3,1,1,3,5,4,3,3,3,3,4,4,NA,NA,1,76,"the homeless",3,3,4,3,4,4,4,4,3,3,2,3,3.375,"none"
376,1,1,1,3,2,2,2,5,2,2,40,50,10,4,3,2,2,2,5,4,3,3,4,2,5,5,NA,NA,1,79,"people who experience housing insecurity",4,2,2,3,4,3,3,2,2,3,3,2.5,2.875,"none"
377,1,1,1,3,3,2,2,1,3,3,0,100,0,1,1,2,2,2,5,5,3,3,3,1,2,1,NA,NA,1,4,"people who experience housing insecurity",3,2,3,4,3,3,3,3,3,3,3,2.66666666666667,3.125,"none"
378,1,1,1,4,1,2,2,4,4,5,40,30,30,4,4,2,2,2,6,8,3,5,2,4,7,6,NA,NA,1,50,"people who experience housing insecurity",1,1,5,5,5,2,2,3,2,4,4,2.33333333333333,3.375,"none"
379,1,1,1,3,2,2,2,4,3,3,0,50,50,5,3,1,2,2,4,4,2,3,3,2,1,1,NA,NA,1,60,"people who experience housing insecurity",2,2,1,3,3,3,4,4,3,5,5,2,3.75,"none"
380,1,1,1,1,2,5,2,1,4,4,50,25,25,5,5,2,2,2,6,5,3,1,1,1,1,1,NA,NA,1,100,"the homeless",1,5,5,1,1,5,5,5,5,5,5,3.16666666666667,4,"none"
381,1,1,1,1,2,2,2,3,3,1,30,50,20,5,4,2,2,2,6,8,3,4,3,2,1,2,NA,1,NA,23,"people who experience housing insecurity",3,2,2,4,5,3,2,4,2,4,3,2,3.375,"other"
382,1,1,1,3,1,3,2,3,1,4,34,33,33,3,3,2,2,4,4,8,3,4,3,3,7,7,NA,1,NA,49,"people who experience housing insecurity",1,1,1,5,3,3,3,3,3,3,3,1.66666666666667,3.25,"other"
383,1,1,1,3,1,1,2,4,1,4,33,33,34,5,2,1,2,3,3,8,3,3,4,1,2,2,NA,NA,1,72,"the homeless",2,2,1,5,3,4,3,3,3,5,5,1.66666666666667,3.875,"none"
384,1,1,1,3,1,2,2,2,4,4,40,45,15,3,2,1,2,2,4,4,2,4,3,2,1,2,NA,1,NA,73,"the homeless",1,1,1,5,5,4,3,3,3,5,5,1.5,4.125,"other"
385,1,1,1,1,2,1,2,2,1,2,40,20,40,3,3,2,2,2,4,5,3,3,4,2,6,6,NA,1,NA,67,"people who experience housing insecurity",1,3,3,5,5,2,1,3,3,4,5,1.83333333333333,3.5,"other"
386,1,1,1,3,4,4,2,4,1,4,33,53,14,3,4,2,2,2,5,5,3,4,3,3,6,6,NA,NA,1,66,"the homeless",2,2,2,3,2,4,4,4,3,2,4,2.83333333333333,3.25,"none"
387,1,1,1,2,3,4,2,4,3,2,33,34,33,5,3,2,2,2,2,5,2,5,4,3,3,4,NA,1,NA,92,"the homeless",1,2,1,5,5,1,1,1,2,5,3,2.16666666666667,2.875,"other"
388,1,1,1,3,5,2,2,4,1,3,100,0,0,4,3,1,2,3,4,2,2,4,2,3,2,2,NA,NA,1,44,"the homeless",5,3,3,5,3,2,4,2,2,4,2,3.5,3,"none"
389,1,1,1,2,2,1,2,4,2,5,0,0,100,5,5,2,2,2,7,8,3,5,3,4,6,6,NA,1,NA,73,"people who experience housing insecurity",1,1,1,5,5,2,2,3,3,4,4,1.33333333333333,3.5,"other"
390,1,1,1,4,4,2,2,4,3,2,40,50,10,4,3,2,2,1,6,5,3,4,4,3,2,3,NA,1,NA,73,"people who experience housing insecurity",2,2,2,2,1,3,3,3,3,4,4,2.66666666666667,2.875,"other"
391,1,1,1,2,2,2,2,3,3,3,30,50,20,1,2,2,2,2,6,8,3,5,4,2,1,1,NA,1,NA,78,"people who experience housing insecurity",4,3,2,3,3,3,3,4,3,4,3,2.5,3.25,"other"
392,1,1,1,1,1,1,2,4,3,3,25,0,75,4,2,2,2,2,6,8,3,4,4,5,7,7,NA,NA,1,43,"people who experience housing insecurity",1,1,1,5,5,3,2,3,3,5,4,1,3.75,"none"
393,1,1,1,1,1,1,2,2,1,4,80,10,10,4,4,2,2,2,6,5,3,3,3,3,7,7,NA,1,NA,49,"the homeless",1,2,1,5,5,2,2,3,2,5,3,1.16666666666667,3.375,"other"
394,1,3,3,1,1,1,2,2,3,2,50,50,0,4,3,1,1,3,4,4,2,3,3,5,7,7,NA,NA,1,48,"people who experience housing insecurity",1,1,1,5,5,3,3,3,3,5,4,1,3.875,"none"
395,1,1,1,3,1,2,2,2,4,4,35,30,35,3,3,1,2,3,6,8,2,4,4,1,2,2,NA,1,NA,71,"the homeless",1,1,3,2,5,2,3,2,2,4,3,1.83333333333333,2.875,"other"
396,1,1,1,4,3,1,2,3,1,3,0,50,50,4,3,2,2,2,4,4,3,3,3,3,6,6,NA,NA,1,24,"people who experience housing insecurity",3,3,2,4,3,4,3,3,3,4,4,2.66666666666667,3.5,"none"
397,1,1,1,4,3,3,2,4,1,4,70,20,10,4,5,2,2,2,6,5,3,4,3,5,3,2,NA,NA,1,43,"people who experience housing insecurity",1,1,2,2,1,2,3,1,2,3,1,2.33333333333333,1.875,"none"
398,1,3,1,1,4,4,2,2,3,3,40,40,20,4,1,2,2,2,7,8,3,4,4,3,1,2,1,NA,NA,77,"people who experience housing insecurity",2,2,1,5,4,1,2,2,1,5,5,2.33333333333333,3.125,"self"
399,1,1,1,1,2,1,2,4,3,2,50,50,0,4,4,2,2,2,5,4,3,3,4,3,7,7,NA,NA,1,23,"people who experience housing insecurity",1,1,1,5,5,2,2,2,2,4,4,1.16666666666667,3.25,"none"
