"ppt_ID","native","primary","early_language","stigma_resp_1","stigma_dist_1","stigma_danger","check","concept_1","concept_2","concept_3","donate_unhoused","donate_children","donate_animals","familiar_1","familiar_2","like","offens","impression_3","control_like","control_often","control_preference","empathy_1","empathy_2","empathy_3","political_social","political_econ","experience_1","experience_2","experience_3","SliderOverlapValue","label","stigma_resp_2_mut","stigma_dist_2_mut","stigma_dist_3_mut","stertyp_cmptition_1_rev","stertyp_cmptition_2_rev","stertyp_comp_1_rev","stertyp_warm_1_rev","stertyp_status_1_rev","stertyp_warm_2_rev","stertyp_status_2_rev","stertyp_comp_2_rev","stigma_avg","stereotype_avg","experience","label_full"
1,1,1,1,3,4,3,2,2,3,3,33,33,34,5,1,1,1,1,4,3,2,4,5,5,6,6,NA,NA,1,62,"Housing Insecurity",3,3,3,4,4,2,2,3,3,5,5,3.16666666666667,3.5,"none","people who experience housing insecurity"
2,1,1,1,4,2,2,2,4,3,2,33,34,33,4,3,2,2,2,4,4,2,3,3,2,2,2,1,NA,NA,82,"The Homeless",2,2,2,5,5,4,3,4,3,5,4,2.33333333333333,4.125,"self","the homeless"
3,1,1,1,2,3,3,2,4,3,3,40,60,0,5,5,1,1,3,3,8,3,4,4,5,6,6,NA,1,NA,100,"Housing Insecurity",2,3,2,4,4,4,4,4,4,5,5,2.5,4.25,"other","people who experience housing insecurity"
4,1,1,1,4,5,4,2,4,4,1,50,50,0,5,5,1,2,3,2,3,2,4,3,5,1,1,NA,NA,1,72,"Housing Insecurity",2,3,1,4,3,3,2,4,3,5,5,3.16666666666667,3.625,"none","people who experience housing insecurity"
5,1,1,3,2,3,2,2,1,3,4,35,60,5,5,5,1,2,2,5,8,3,4,4,1,7,6,NA,1,NA,72,"The Homeless",1,1,1,5,5,3,2,4,3,5,4,1.66666666666667,3.875,"other","the homeless"
6,1,1,1,4,2,2,2,4,3,2,30,60,10,3,4,1,2,2,5,5,3,4,3,2,6,6,1,NA,NA,68,"The Homeless",1,2,1,5,4,2,2,3,1,5,3,2,3.125,"self","the homeless"
7,1,1,1,2,2,3,2,1,4,4,33,33,34,2,3,1,2,3,3,5,3,3,4,3,6,6,NA,1,NA,60,"The Homeless",1,2,1,5,4,4,3,4,3,5,4,1.83333333333333,4,"other","the homeless"
8,1,1,1,2,3,2,2,2,3,1,60,20,20,4,1,1,1,1,4,4,2,3,3,3,5,5,NA,1,NA,61,"The Homeless",2,3,1,5,5,3,4,3,3,5,1,2.16666666666667,3.625,"other","the homeless"
9,1,1,1,4,2,2,2,2,3,2,50,40,10,4,1,1,2,3,5,8,3,4,4,2,6,5,NA,1,NA,68,"Housing Insecurity",3,2,2,4,4,2,4,4,3,4,4,2.5,3.625,"other","people who experience housing insecurity"
10,1,1,1,2,1,1,2,4,1,4,5,10,85,5,5,1,1,1,4,4,2,4,4,5,2,2,NA,NA,1,48,"Housing Insecurity",3,1,1,3,3,2,2,2,2,2,2,1.5,2.25,"none","people who experience housing insecurity"
11,1,1,1,4,4,3,2,5,4,5,25,25,50,4,2,1,1,1,1,8,2,4,3,4,1,1,1,1,NA,51,"The Homeless",1,2,5,2,2,2,3,3,3,5,4,3.16666666666667,3,"self","the homeless"
12,1,1,1,1,1,1,2,1,2,5,33,33,34,5,5,2,2,2,6,8,3,5,5,5,7,7,1,1,NA,100,"The Homeless",1,1,1,5,5,2,2,4,2,5,5,1,3.75,"self","the homeless"
13,1,1,1,1,2,1,2,2,3,2,40,20,40,5,5,1,2,3,6,8,3,5,4,2,7,7,NA,1,NA,87,"The Homeless",1,1,1,5,5,3,2,4,3,5,4,1.16666666666667,3.875,"other","the homeless"
14,1,1,1,4,2,2,2,2,4,4,50,25,25,3,3,1,2,2,5,5,3,4,4,3,6,6,NA,NA,1,71,"Housing Insecurity",1,1,1,5,3,3,3,4,3,5,4,1.83333333333333,3.75,"none","people who experience housing insecurity"
15,1,1,1,1,1,1,2,2,4,5,80,10,10,5,5,1,1,4,4,4,3,3,3,2,7,7,1,NA,NA,44,"The Homeless",1,1,1,5,3,2,2,3,2,5,3,1,3.125,"self","the homeless"
16,1,1,1,4,2,2,2,4,3,2,30,35,35,5,4,2,2,2,5,4,2,3,3,3,2,2,1,NA,NA,72,"Housing Insecurity",1,2,1,5,5,4,3,4,3,5,4,2,4.125,"self","people who experience housing insecurity"
17,1,1,1,2,2,1,2,2,1,2,33,34,33,4,3,2,2,2,4,4,2,4,4,1,7,6,NA,1,NA,60,"Housing Insecurity",2,2,1,5,5,2,2,3,2,5,5,1.66666666666667,3.625,"other","people who experience housing insecurity"
18,1,1,1,3,3,1,2,3,2,3,20,30,50,3,3,1,2,3,4,4,2,4,4,4,5,4,1,NA,NA,53,"Housing Insecurity",3,3,2,2,2,3,4,3,2,3,3,2.5,2.75,"self","people who experience housing insecurity"
19,1,1,1,1,3,2,2,4,3,3,35,35,30,5,3,1,1,3,5,8,3,3,3,4,7,7,NA,NA,1,95,"The Homeless",2,3,2,3,3,2,2,2,2,2,2,2.16666666666667,2.25,"none","the homeless"
20,1,1,1,3,3,1,2,3,1,2,40,35,25,4,1,1,2,1,3,4,2,3,2,2,4,5,NA,NA,1,100,"Housing Insecurity",2,3,3,5,5,3,4,3,3,4,3,2.5,3.75,"none","people who experience housing insecurity"
21,1,1,1,1,1,1,2,4,2,3,50,25,25,5,1,1,2,3,4,8,3,3,1,1,7,6,1,NA,NA,NA,"Housing Insecurity",1,1,1,5,5,3,3,3,3,3,3,1,3.5,"self","people who experience housing insecurity"
22,1,1,1,1,3,2,2,4,4,5,30,30,40,3,3,1,1,3,4,5,2,5,3,3,7,6,NA,NA,1,85,"Housing Insecurity",2,3,1,5,4,3,2,3,3,5,3,2,3.5,"none","people who experience housing insecurity"
23,1,1,1,5,4,3,2,1,1,1,25,50,25,3,3,1,2,2,5,5,3,4,3,5,2,2,NA,1,NA,63,"The Homeless",3,1,2,1,1,2,4,2,2,3,1,3,2,"other","the homeless"
24,1,1,1,2,2,2,2,3,3,1,30,10,60,4,3,1,2,2,5,5,3,3,3,3,6,5,NA,NA,1,82,"The Homeless",2,2,1,4,4,3,3,4,4,4,3,1.83333333333333,3.625,"none","the homeless"
25,1,1,1,2,1,1,2,2,3,4,100,0,0,5,3,2,2,2,7,8,3,5,5,5,7,7,NA,NA,1,47,"Housing Insecurity",1,2,1,5,5,1,1,1,1,3,3,1.33333333333333,2.5,"none","people who experience housing insecurity"
26,1,1,1,1,3,3,2,1,4,5,100,0,0,4,3,1,2,2,7,8,3,3,3,3,7,7,NA,1,NA,86,"The Homeless",1,3,1,5,5,4,3,5,4,5,5,2,4.5,"other","the homeless"
27,1,1,1,2,3,2,2,2,3,5,50,30,20,3,3,2,2,3,7,9,3,3,5,4,7,7,NA,1,NA,89,"The Homeless",2,1,1,5,5,3,3,3,3,3,3,1.83333333333333,3.5,"other","the homeless"
28,1,1,1,1,1,1,2,2,1,4,25,25,50,5,3,2,2,2,7,8,3,4,4,3,7,7,1,1,NA,24,"Housing Insecurity",1,1,1,5,5,2,2,2,2,3,2,1,2.875,"self","people who experience housing insecurity"
29,1,1,1,5,4,4,2,4,1,5,30,35,35,4,4,1,2,2,6,8,3,4,4,5,3,5,NA,1,NA,69,"Housing Insecurity",2,1,2,2,4,2,2,1,2,2,2,3,2.125,"other","people who experience housing insecurity"
30,1,1,1,2,1,1,2,3,3,2,34,33,33,5,4,2,2,2,4,5,2,4,3,1,5,5,1,NA,NA,75,"Housing Insecurity",1,1,1,5,5,3,1,3,2,4,4,1.16666666666667,3.375,"self","people who experience housing insecurity"
31,1,1,1,3,2,2,2,2,3,2,50,50,0,4,1,1,1,1,2,2,1,4,3,1,1,1,NA,1,NA,23,"The Homeless",3,2,2,3,4,3,3,3,3,3,3,2.33333333333333,3.125,"other","the homeless"
32,1,1,1,4,3,2,2,2,3,2,40,50,10,4,4,2,2,2,6,8,3,4,3,1,1,1,NA,NA,1,85,"Housing Insecurity",2,2,2,4,3,3,2,3,3,2,2,2.5,2.75,"none","people who experience housing insecurity"
33,1,1,1,5,5,5,2,4,3,3,30,60,10,5,4,1,2,1,2,4,2,4,5,1,7,7,NA,NA,1,72,"Housing Insecurity",5,5,5,5,5,4,3,4,4,5,5,5,4.375,"none","people who experience housing insecurity"
34,1,1,1,1,1,1,2,1,1,4,50,50,0,5,1,2,2,2,4,8,2,4,4,4,7,7,1,1,NA,100,"Housing Insecurity",2,1,1,5,5,2,2,2,2,2,2,1.16666666666667,2.75,"self","people who experience housing insecurity"
35,1,1,1,3,1,1,2,3,3,3,40,40,20,4,4,2,2,3,3,3,3,4,5,1,1,1,1,NA,NA,49,"The Homeless",2,1,4,2,5,2,2,3,3,4,5,2,3.25,"self","the homeless"
36,1,1,1,2,3,3,2,4,4,4,0,0,100,5,5,2,2,3,4,5,2,3,2,2,7,6,NA,NA,1,71,"The Homeless",1,3,2,5,2,3,3,3,3,5,4,2.33333333333333,3.5,"none","the homeless"
37,1,1,1,2,3,2,2,3,4,3,35,35,30,4,4,1,2,2,5,5,3,4,2,1,5,6,1,1,NA,36,"The Homeless",3,2,3,4,5,4,3,4,3,5,4,2.5,4,"self","the homeless"
38,1,1,1,2,4,3,2,2,4,5,50,50,0,4,4,1,2,3,6,8,3,4,3,3,6,5,NA,NA,1,61,"The Homeless",1,4,2,5,5,2,2,3,2,5,4,2.66666666666667,3.5,"none","the homeless"
39,1,1,1,3,3,3,2,2,3,3,0,0,100,4,3,1,2,2,2,4,2,3,4,4,1,1,NA,NA,1,28,"Housing Insecurity",2,2,1,2,4,3,3,4,2,5,3,2.33333333333333,3.25,"none","people who experience housing insecurity"
40,1,3,1,2,1,1,2,2,3,3,0,50,50,5,3,1,1,2,3,8,3,3,3,1,7,7,NA,NA,1,47,"The Homeless",1,2,3,5,5,3,3,3,3,5,5,1.66666666666667,4,"none","the homeless"
41,1,1,1,3,1,1,2,4,3,4,25,50,25,4,2,1,2,1,4,3,2,4,3,4,2,2,NA,NA,1,82,"Housing Insecurity",2,1,1,2,5,3,3,4,3,5,3,1.5,3.5,"none","people who experience housing insecurity"
42,1,1,1,2,4,2,2,4,4,5,40,40,20,5,5,1,1,1,4,4,2,4,4,1,2,2,NA,NA,1,100,"The Homeless",1,4,1,5,5,2,2,4,2,5,5,2.33333333333333,3.75,"none","the homeless"
43,1,1,1,3,2,1,2,5,4,5,50,40,10,3,3,2,1,2,7,8,3,4,3,3,2,5,NA,NA,1,72,"The Homeless",1,2,4,2,5,3,3,4,4,5,4,2.16666666666667,3.75,"none","the homeless"
44,1,1,1,2,1,1,2,3,3,3,50,25,25,5,5,2,2,2,6,8,3,4,4,3,7,7,1,NA,NA,73,"Housing Insecurity",2,1,1,5,5,2,2,3,2,5,4,1.33333333333333,3.5,"self","people who experience housing insecurity"
45,1,1,1,2,2,2,2,2,2,5,34,33,33,4,4,2,2,2,5,5,2,5,5,4,7,6,1,NA,NA,48,"Housing Insecurity",1,2,3,5,5,3,3,4,3,4,4,2,3.875,"self","people who experience housing insecurity"
46,1,1,1,2,1,1,2,4,3,3,30,40,30,4,2,2,2,2,6,8,3,4,5,3,5,5,NA,NA,1,49,"Housing Insecurity",1,3,3,4,5,1,2,3,3,5,5,1.83333333333333,3.5,"none","people who experience housing insecurity"
47,1,1,1,1,2,4,2,4,4,5,40,60,0,5,3,1,1,2,2,3,1,4,5,3,1,1,NA,1,NA,41,"The Homeless",2,3,1,2,5,2,3,3,3,5,5,2.16666666666667,3.5,"other","the homeless"
48,1,1,1,3,3,3,2,3,4,5,33,34,33,3,2,1,1,3,4,2,2,3,2,1,7,7,NA,NA,1,14,"The Homeless",2,3,1,4,3,4,4,4,4,5,4,2.5,4,"none","the homeless"
49,1,1,1,3,5,5,2,1,4,5,34,33,33,5,1,1,1,4,1,1,1,3,3,3,3,3,NA,1,NA,NA,"The Homeless",1,4,5,1,1,5,3,5,5,5,5,3.83333333333333,3.75,"other","the homeless"
50,1,1,1,3,4,4,2,4,4,1,60,30,10,3,1,1,1,1,2,1,2,3,3,2,2,1,NA,1,NA,25,"The Homeless",2,3,4,5,4,3,2,4,3,5,5,3.33333333333333,3.875,"other","the homeless"
51,1,1,1,1,1,3,2,2,2,3,100,0,0,5,2,1,1,4,1,5,1,3,4,5,1,1,NA,1,NA,42,"The Homeless",1,1,2,2,5,3,3,3,2,3,4,1.5,3.125,"other","the homeless"
52,1,1,3,2,3,2,2,3,3,2,50,50,0,4,3,2,2,2,5,8,3,4,3,2,6,7,NA,NA,1,100,"The Homeless",1,2,2,5,5,2,2,3,2,5,4,2,3.5,"none","the homeless"
53,1,1,1,5,4,4,2,4,1,5,40,40,20,5,4,1,2,3,7,9,3,5,5,5,7,7,NA,1,NA,67,"Housing Insecurity",3,3,1,2,2,1,2,2,1,2,1,3.33333333333333,1.625,"other","people who experience housing insecurity"
54,1,1,1,2,2,3,2,4,4,2,50,25,25,4,3,2,2,2,4,5,3,2,2,3,6,6,NA,NA,1,72,"The Homeless",1,3,1,4,4,3,2,3,4,5,5,2,3.75,"none","the homeless"
55,1,1,1,2,3,2,2,2,3,2,40,40,20,4,2,1,2,3,4,5,3,4,4,4,5,5,NA,NA,1,72,"The Homeless",1,3,3,3,3,3,3,3,3,4,3,2.33333333333333,3.125,"none","the homeless"
56,1,1,1,2,4,3,2,3,3,3,25,50,25,5,5,1,2,3,5,4,3,5,4,2,5,4,NA,1,NA,85,"Housing Insecurity",1,2,2,4,4,4,2,4,2,5,4,2.33333333333333,3.625,"other","people who experience housing insecurity"
57,1,1,1,2,2,3,2,4,3,2,30,60,10,5,3,1,2,3,6,3,3,5,4,3,4,2,NA,1,NA,45,"Housing Insecurity",1,1,2,5,4,4,3,2,3,2,1,1.83333333333333,3,"other","people who experience housing insecurity"
58,1,1,1,5,4,4,2,4,4,2,30,70,0,5,2,1,2,3,1,2,1,3,2,2,1,1,NA,NA,1,57,"Housing Insecurity",3,4,3,2,1,5,4,4,5,5,5,3.83333333333333,3.875,"none","people who experience housing insecurity"
59,1,3,1,3,2,3,2,3,3,1,40,40,20,5,5,2,2,3,6,5,3,4,4,3,2,2,NA,1,NA,19,"The Homeless",2,2,2,3,3,4,3,4,3,3,3,2.33333333333333,3.25,"other","the homeless"
60,1,1,1,2,4,4,2,2,4,5,75,0,25,4,1,1,2,3,3,5,2,4,3,1,6,6,NA,NA,1,66,"The Homeless",1,3,1,5,5,3,3,4,4,5,4,2.5,4.125,"none","the homeless"
61,1,1,1,2,4,3,2,3,3,2,40,40,20,4,4,2,2,3,5,5,3,4,5,1,6,4,NA,NA,1,81,"The Homeless",1,2,1,5,3,3,3,3,3,4,3,2.16666666666667,3.375,"none","the homeless"
62,1,1,1,2,3,3,2,2,3,4,100,0,0,5,3,1,1,3,3,5,3,3,4,3,6,6,NA,NA,1,47,"The Homeless",2,3,2,5,4,4,3,4,3,4,3,2.5,3.75,"none","the homeless"
63,1,1,1,4,3,4,2,4,4,2,0,50,50,5,4,1,2,3,2,3,1,4,5,4,2,3,NA,NA,1,69,"The Homeless",4,3,4,2,2,4,4,4,3,4,4,3.66666666666667,3.375,"none","the homeless"
64,1,1,1,3,2,2,2,3,3,2,0,0,100,5,2,1,1,3,1,2,2,3,3,3,5,6,NA,NA,1,22,"Housing Insecurity",2,2,3,3,3,3,3,3,3,3,3,2.33333333333333,3,"none","people who experience housing insecurity"
65,1,1,1,1,1,1,2,2,1,4,70,30,0,3,3,2,2,2,6,8,3,3,3,4,7,7,NA,NA,1,24,"Housing Insecurity",2,1,1,4,4,2,2,3,2,4,3,1.16666666666667,3,"none","people who experience housing insecurity"
66,1,1,1,4,3,4,2,4,3,5,40,30,30,4,4,1,2,1,7,5,3,4,3,4,1,1,NA,1,NA,73,"Housing Insecurity",2,3,2,2,2,2,3,2,2,3,2,3,2.25,"other","people who experience housing insecurity"
68,1,1,1,2,2,2,2,2,2,3,50,30,20,3,3,2,2,2,5,5,3,4,3,4,6,6,NA,NA,1,49,"Housing Insecurity",3,2,1,4,4,2,2,3,3,5,4,2,3.375,"none","people who experience housing insecurity"
69,1,1,1,3,2,2,2,4,2,2,30,40,30,4,3,2,2,2,4,4,3,3,3,1,6,6,NA,NA,1,50,"Housing Insecurity",2,3,3,3,4,3,2,2,2,2,3,2.5,2.625,"none","people who experience housing insecurity"
70,1,1,1,2,2,2,2,4,2,4,50,5,45,5,4,1,1,2,2,2,2,4,3,5,6,6,NA,1,NA,81,"The Homeless",1,2,3,5,5,3,2,4,4,5,5,2,4.125,"other","the homeless"
71,1,1,1,4,3,3,2,4,4,3,0,0,100,3,3,1,1,3,2,3,2,3,2,3,2,2,NA,NA,1,61,"The Homeless",2,4,1,3,3,3,4,4,3,5,4,2.83333333333333,3.625,"none","the homeless"
72,1,1,1,2,4,3,2,1,4,5,30,60,10,5,5,2,2,2,6,8,3,4,4,4,6,6,NA,NA,1,71,"The Homeless",2,4,2,5,5,5,3,5,4,5,5,2.83333333333333,4.625,"none","the homeless"
73,1,1,1,3,4,1,2,2,1,5,0,50,50,4,4,2,2,2,4,5,3,3,3,3,5,5,NA,NA,1,32,"Housing Insecurity",1,3,1,4,5,3,3,3,3,4,4,2.16666666666667,3.625,"none","people who experience housing insecurity"
74,1,1,1,1,1,1,2,4,3,1,65,20,15,5,5,2,2,2,3,5,3,3,4,3,7,5,NA,NA,1,77,"Housing Insecurity",1,1,1,5,4,3,2,3,2,5,4,1,3.5,"none","people who experience housing insecurity"
75,1,1,1,2,3,3,2,2,3,3,35,35,30,2,2,1,2,2,4,4,2,3,2,3,6,6,NA,NA,1,48,"Housing Insecurity",2,3,2,4,4,4,4,4,4,5,5,2.5,4.25,"none","people who experience housing insecurity"
76,1,1,1,2,1,1,2,4,3,2,40,40,20,5,5,2,2,3,5,8,3,4,4,5,6,6,1,1,NA,42,"Housing Insecurity",2,1,1,5,5,2,1,2,1,5,3,1.33333333333333,3,"self","people who experience housing insecurity"
77,1,1,1,3,3,4,2,4,4,1,50,50,0,5,4,1,2,3,2,2,1,4,4,2,1,1,NA,1,NA,27,"The Homeless",3,2,2,3,4,4,4,4,4,5,4,2.83333333333333,4,"other","the homeless"
78,1,1,1,2,2,1,2,4,3,1,70,10,20,4,3,1,1,1,3,2,1,5,4,3,3,3,NA,1,NA,1,"The Homeless",2,1,1,5,5,2,2,2,2,3,3,1.5,3,"other","the homeless"
79,1,1,1,3,1,1,2,4,3,3,35,35,30,4,3,2,2,2,4,5,2,4,3,3,1,1,NA,NA,1,73,"Housing Insecurity",3,2,5,5,3,2,2,3,3,5,4,2.5,3.375,"none","people who experience housing insecurity"
80,1,1,1,4,1,1,2,2,3,5,50,50,0,4,4,1,1,3,6,8,3,4,4,5,7,7,1,NA,NA,83,"The Homeless",1,2,1,5,5,2,3,3,2,3,4,1.66666666666667,3.375,"self","the homeless"
81,1,1,1,4,4,4,2,4,3,4,15,40,45,5,1,1,2,2,3,4,1,3,2,4,7,5,1,1,NA,83,"Housing Insecurity",2,1,2,4,2,4,4,5,4,5,4,2.83333333333333,4,"self","people who experience housing insecurity"
82,1,1,1,3,3,3,2,3,3,4,40,40,20,5,3,1,1,3,4,8,2,4,3,1,7,7,1,1,NA,92,"The Homeless",1,1,1,5,5,2,1,3,2,5,3,2,3.25,"self","the homeless"
83,1,1,1,3,1,1,2,4,3,3,34,33,33,5,2,1,1,1,4,4,2,3,3,2,3,2,NA,1,NA,48,"Housing Insecurity",3,1,1,5,3,3,1,4,2,5,4,1.66666666666667,3.375,"other","people who experience housing insecurity"
84,1,1,1,4,4,3,2,4,3,3,0,100,0,2,2,1,2,3,2,2,1,4,3,3,5,5,NA,NA,1,69,"Housing Insecurity",2,3,1,5,5,3,3,4,4,4,4,2.83333333333333,4,"none","people who experience housing insecurity"
85,1,3,1,3,4,3,2,4,3,4,50,50,0,2,3,1,2,3,5,5,3,3,4,3,6,6,1,NA,NA,47,"The Homeless",2,2,1,3,3,3,3,3,3,5,3,2.5,3.25,"self","the homeless"
86,1,1,1,1,3,2,2,2,3,4,34,33,33,4,4,2,2,2,4,8,3,3,3,3,6,6,NA,1,NA,61,"The Homeless",1,2,1,5,5,3,3,3,3,3,3,1.66666666666667,3.5,"other","the homeless"
87,1,1,1,2,2,2,2,4,3,3,40,30,30,4,3,2,2,2,2,2,2,3,3,2,6,6,NA,NA,1,62,"Housing Insecurity",4,3,2,4,4,3,4,4,4,5,5,2.5,4.125,"none","people who experience housing insecurity"
88,1,1,1,2,1,2,2,3,3,5,30,40,30,4,3,2,2,3,6,5,3,4,5,1,6,5,NA,NA,1,23,"The Homeless",1,1,1,5,3,2,3,3,3,4,3,1.33333333333333,3.25,"none","the homeless"
89,1,1,1,2,3,3,2,1,3,4,30,40,30,5,1,1,1,1,4,5,2,3,3,2,3,5,NA,NA,1,84,"Housing Insecurity",3,2,3,4,3,4,2,4,5,5,5,2.66666666666667,4,"none","people who experience housing insecurity"
90,1,1,1,2,1,1,2,4,4,4,60,20,20,5,4,2,2,2,2,2,2,4,4,3,3,3,NA,NA,1,72,"Housing Insecurity",1,2,1,4,4,4,3,4,3,5,5,1.33333333333333,4,"none","people who experience housing insecurity"
91,1,1,1,1,1,4,2,3,3,5,50,50,0,5,5,2,2,3,4,4,3,5,3,2,7,7,1,1,NA,49,"The Homeless",1,1,1,5,5,1,1,2,1,5,5,1.5,3.125,"self","the homeless"
92,1,1,1,3,2,2,2,4,3,2,33,34,33,3,2,1,1,1,1,3,2,4,3,2,6,6,NA,NA,1,65,"Housing Insecurity",2,2,2,4,5,3,3,3,3,4,4,2.16666666666667,3.625,"none","people who experience housing insecurity"
93,1,1,1,5,4,4,2,5,1,5,40,30,30,5,5,2,1,2,7,9,2,5,4,5,7,7,NA,1,NA,75,"The Homeless",1,1,1,2,2,1,2,1,1,2,1,2.66666666666667,1.5,"other","the homeless"
94,1,1,1,2,1,1,2,2,2,5,25,50,25,5,4,2,2,3,6,8,2,4,5,4,7,7,1,1,NA,24,"Housing Insecurity",2,1,1,5,5,2,1,2,1,4,3,1.33333333333333,2.875,"self","people who experience housing insecurity"
95,1,1,1,3,3,3,2,4,3,4,25,5,70,5,3,1,2,3,2,3,2,4,3,3,7,7,1,NA,NA,48,"Housing Insecurity",2,2,1,5,2,3,3,4,4,5,4,2.33333333333333,3.75,"self","people who experience housing insecurity"
96,1,1,1,1,2,2,2,2,3,3,47,43,10,4,3,1,2,3,4,8,3,3,4,5,7,7,NA,NA,1,37,"The Homeless",1,1,1,5,5,2,2,4,2,5,1,1.33333333333333,3.25,"none","the homeless"
97,1,1,1,1,1,1,2,2,3,2,45,15,40,4,4,2,2,2,5,8,3,4,2,3,7,4,NA,1,NA,48,"Housing Insecurity",5,1,1,5,5,2,2,3,3,5,5,1.66666666666667,3.75,"other","people who experience housing insecurity"
98,1,1,1,1,1,1,2,1,2,5,50,20,30,5,5,2,2,2,7,8,3,4,3,3,7,7,NA,1,NA,100,"Housing Insecurity",1,1,1,5,5,1,1,1,1,3,3,1,2.5,"other","people who experience housing insecurity"
99,1,1,1,2,2,4,2,2,4,2,40,40,20,4,3,2,2,2,5,5,2,4,3,4,3,2,1,1,NA,44,"The Homeless",2,2,2,2,3,5,3,3,3,5,4,2.33333333333333,3.5,"self","the homeless"
100,1,1,1,2,3,3,2,2,3,3,30,60,10,4,3,1,2,3,4,4,2,3,4,3,3,4,NA,1,NA,69,"The Homeless",3,4,3,4,4,3,3,3,3,4,3,3,3.375,"other","the homeless"
101,1,1,1,2,1,3,2,1,3,1,70,10,20,5,4,1,2,3,4,4,3,4,4,3,6,4,NA,NA,1,73,"The Homeless",2,2,1,5,5,2,1,2,1,5,3,1.83333333333333,3,"none","the homeless"
102,1,1,1,1,5,4,2,1,4,1,40,40,20,5,5,2,2,2,7,9,3,5,5,1,7,4,NA,NA,1,100,"The Homeless",1,1,1,5,5,3,3,3,3,5,5,2.16666666666667,4,"none","the homeless"
103,1,1,1,2,3,2,2,4,3,4,0,0,100,5,4,2,2,2,7,8,3,3,3,4,7,4,NA,NA,1,86,"Housing Insecurity",1,1,1,5,5,3,2,4,2,5,4,1.66666666666667,3.75,"none","people who experience housing insecurity"
104,1,1,1,2,1,2,2,4,3,4,50,30,20,5,5,2,2,2,6,5,2,4,5,2,5,6,NA,1,NA,81,"The Homeless",1,3,2,5,5,3,2,3,2,5,3,1.83333333333333,3.5,"other","the homeless"
105,1,1,1,1,2,1,2,2,3,3,50,25,25,4,4,2,2,2,6,8,3,4,4,3,7,7,NA,NA,1,54,"Housing Insecurity",1,1,1,5,5,2,1,3,2,5,4,1.16666666666667,3.375,"none","people who experience housing insecurity"
106,1,1,1,2,1,2,2,2,3,3,40,50,10,5,3,2,2,2,6,8,3,4,3,2,7,7,NA,NA,1,83,"Housing Insecurity",1,2,1,5,4,3,2,3,3,5,4,1.5,3.625,"none","people who experience housing insecurity"
107,1,1,1,4,4,4,2,4,4,4,50,48,2,4,2,1,1,1,1,8,2,4,4,3,5,5,NA,1,NA,100,"The Homeless",2,4,4,2,4,4,4,4,4,5,4,3.66666666666667,3.875,"other","the homeless"
108,1,1,1,2,2,2,2,2,3,3,28,40,32,4,3,1,2,2,6,3,2,3,4,4,2,2,NA,1,NA,40,"Housing Insecurity",2,2,1,2,2,3,3,4,3,4,4,1.83333333333333,3.125,"other","people who experience housing insecurity"
109,1,1,1,2,3,2,2,2,3,2,33,34,33,4,4,2,2,2,6,5,3,4,3,3,7,7,NA,NA,1,91,"The Homeless",1,1,1,5,5,4,1,4,1,5,5,1.66666666666667,3.75,"none","the homeless"
110,1,1,1,4,1,1,2,4,3,2,100,0,0,5,4,2,2,3,6,4,3,4,3,3,2,2,1,1,NA,51,"Housing Insecurity",1,1,1,2,3,3,2,4,2,5,4,1.5,3.125,"self","people who experience housing insecurity"
111,1,1,1,3,2,2,2,4,2,5,30,30,40,4,2,1,2,1,4,5,2,4,4,2,6,6,NA,NA,1,25,"The Homeless",2,2,2,4,2,3,3,3,3,3,3,2.16666666666667,3,"none","the homeless"
112,1,1,3,2,1,1,2,3,2,4,50,30,20,5,5,2,2,3,5,8,3,5,3,5,7,4,1,NA,NA,77,"Housing Insecurity",2,1,1,5,5,1,1,3,1,4,3,1.33333333333333,2.875,"self","people who experience housing insecurity"
113,1,1,1,4,3,3,2,4,1,4,40,50,10,4,4,1,2,2,7,5,3,5,4,2,7,5,NA,NA,1,46,"The Homeless",4,3,2,3,3,2,3,3,1,2,2,3.16666666666667,2.375,"none","the homeless"
114,1,1,1,3,2,2,2,2,3,3,60,20,20,4,2,2,2,3,3,4,2,4,3,2,3,2,1,1,NA,53,"Housing Insecurity",3,2,2,4,4,2,2,2,2,5,4,2.33333333333333,3.125,"self","people who experience housing insecurity"
115,1,1,1,1,2,2,2,1,3,2,75,25,0,4,3,1,1,3,5,8,3,4,4,2,7,7,NA,1,NA,94,"The Homeless",1,2,2,5,4,3,2,4,3,5,4,1.66666666666667,3.75,"other","the homeless"
116,1,1,1,4,3,2,2,1,3,3,60,10,30,5,4,2,2,2,4,8,3,3,4,2,6,6,NA,NA,1,67,"The Homeless",2,4,2,4,5,3,4,4,3,5,5,2.83333333333333,4.125,"none","the homeless"
117,1,1,1,4,3,3,2,2,3,2,30,40,30,3,2,1,2,2,2,3,2,3,4,2,2,2,NA,NA,1,54,"The Homeless",1,1,1,3,3,4,3,4,3,5,5,2.16666666666667,3.75,"none","the homeless"
118,1,1,1,3,2,2,2,3,3,3,70,20,10,5,3,1,2,3,2,4,2,3,3,3,3,2,NA,1,NA,66,"Housing Insecurity",2,2,1,3,4,3,3,3,3,5,4,2,3.5,"other","people who experience housing insecurity"
119,1,1,1,1,2,2,2,2,3,5,37,37,26,4,4,1,2,3,4,5,2,3,3,3,6,6,1,1,NA,61,"The Homeless",1,2,1,5,5,3,3,4,3,5,4,1.5,4,"self","the homeless"
120,1,1,1,2,2,1,2,4,3,3,70,20,10,5,5,2,2,2,5,8,3,3,3,3,7,6,NA,NA,1,72,"Housing Insecurity",1,1,1,5,5,2,2,4,2,5,4,1.33333333333333,3.625,"none","people who experience housing insecurity"
121,1,1,1,3,2,2,2,3,3,3,50,40,10,4,3,1,2,2,4,4,2,3,3,4,2,2,NA,NA,1,48,"Housing Insecurity",2,2,1,3,4,3,3,4,3,5,4,2,3.625,"none","people who experience housing insecurity"
122,1,1,1,4,4,3,2,5,4,3,10,90,0,4,1,1,1,1,1,2,2,3,2,1,3,2,NA,1,NA,93,"Housing Insecurity",4,3,4,3,4,5,4,4,4,5,5,3.66666666666667,4.25,"other","people who experience housing insecurity"
123,1,1,1,3,1,3,2,4,4,4,35,35,30,3,1,2,2,2,4,9,3,4,4,1,1,1,NA,NA,1,49,"The Homeless",1,1,1,5,5,3,2,2,2,5,5,1.66666666666667,3.625,"none","the homeless"
124,1,1,1,2,3,3,2,3,3,3,35,35,30,2,3,1,1,3,4,5,2,3,3,2,5,6,NA,NA,1,23,"The Homeless",2,3,3,4,4,3,3,4,4,5,4,2.66666666666667,3.875,"none","the homeless"
125,1,1,1,4,5,4,2,4,4,4,20,20,60,4,3,2,2,2,4,5,3,3,2,5,5,5,NA,NA,1,58,"Housing Insecurity",2,3,4,1,2,3,3,4,3,4,3,3.66666666666667,2.875,"none","people who experience housing insecurity"
126,1,1,1,3,3,3,2,2,3,4,50,50,0,3,3,1,2,2,4,5,3,4,2,1,6,2,NA,1,NA,83,"Housing Insecurity",1,1,1,5,5,3,2,4,3,5,4,2,3.875,"other","people who experience housing insecurity"
127,1,1,1,2,1,1,2,4,1,3,50,50,0,3,4,2,2,2,6,9,3,5,3,2,7,7,NA,NA,1,75,"Housing Insecurity",1,1,1,5,4,2,1,2,2,4,4,1.16666666666667,3,"none","people who experience housing insecurity"
128,1,1,1,4,4,4,2,2,4,5,34,33,33,5,1,1,2,2,3,5,1,4,4,4,7,7,NA,NA,1,100,"Housing Insecurity",2,2,2,2,2,4,2,4,4,5,4,3,3.375,"none","people who experience housing insecurity"
129,1,1,1,2,3,3,2,3,4,5,25,35,40,4,3,1,1,2,4,3,2,4,2,3,7,7,NA,NA,1,25,"The Homeless",2,2,2,4,3,3,4,4,4,4,4,2.33333333333333,3.75,"none","the homeless"
130,1,1,1,2,2,2,2,2,3,3,66,30,4,5,5,1,1,1,6,5,2,4,4,3,6,7,NA,NA,1,100,"The Homeless",1,1,1,5,5,3,3,3,2,5,5,1.5,3.875,"none","the homeless"
131,1,1,1,3,2,3,2,3,3,3,50,50,0,2,3,2,2,2,1,2,2,4,3,5,2,2,NA,NA,1,71,"Housing Insecurity",2,2,2,4,4,3,3,4,3,5,4,2.33333333333333,3.75,"none","people who experience housing insecurity"
132,1,1,1,3,2,4,2,2,3,4,25,60,15,4,4,1,2,2,4,5,2,4,3,4,5,4,NA,1,NA,98,"The Homeless",2,2,2,4,4,3,3,4,3,5,4,2.5,3.75,"other","the homeless"
133,1,1,1,1,1,3,2,3,2,1,0,0,100,5,5,1,2,2,2,4,2,3,2,5,7,7,NA,NA,1,46,"Housing Insecurity",5,5,3,3,3,3,3,3,3,4,3,3,3.125,"none","people who experience housing insecurity"
134,1,1,1,2,3,2,2,2,3,5,40,50,10,2,3,2,2,2,4,4,3,5,4,2,7,7,1,NA,NA,33,"The Homeless",1,3,1,5,5,3,3,3,3,5,3,2,3.75,"self","the homeless"
135,1,1,1,4,5,2,2,4,3,5,40,50,10,5,4,2,2,2,5,8,3,4,3,1,6,7,NA,1,NA,47,"Housing Insecurity",4,2,1,5,5,4,2,5,2,5,5,3,4.125,"other","people who experience housing insecurity"
136,1,1,1,3,1,1,2,3,2,4,50,50,0,5,5,2,2,2,4,3,1,4,2,3,7,5,NA,1,NA,94,"Housing Insecurity",1,1,1,5,5,2,2,2,2,5,2,1.33333333333333,3.125,"other","people who experience housing insecurity"
137,1,1,1,3,1,1,2,4,3,5,50,50,0,5,5,2,2,2,4,4,1,4,3,2,7,7,NA,1,NA,73,"The Homeless",1,1,1,5,5,2,2,3,2,5,3,1.33333333333333,3.375,"other","the homeless"
138,1,1,1,5,2,1,2,2,3,3,40,50,10,4,2,2,2,2,6,5,3,4,4,1,6,4,NA,NA,1,28,"Housing Insecurity",2,2,1,5,5,4,2,3,3,5,4,2.16666666666667,3.875,"none","people who experience housing insecurity"
139,1,1,1,1,2,1,2,2,3,5,80,20,0,5,2,1,2,3,3,8,2,4,2,2,4,7,NA,NA,1,24,"The Homeless",1,2,1,5,5,3,1,3,2,5,5,1.33333333333333,3.625,"none","the homeless"
140,1,1,1,1,1,1,2,2,4,3,50,30,20,4,3,2,2,2,5,5,3,2,3,1,2,2,NA,1,NA,32,"The Homeless",4,2,1,5,5,4,3,3,3,5,4,1.66666666666667,4,"other","the homeless"
141,1,1,1,2,2,3,2,2,3,1,50,50,0,4,4,2,2,3,5,4,2,4,4,3,2,2,NA,NA,1,73,"The Homeless",4,3,2,4,4,3,3,3,3,3,2,2.66666666666667,3.125,"none","the homeless"
142,1,1,1,3,2,2,2,2,3,4,50,25,25,5,5,1,1,3,2,3,2,4,2,5,5,4,NA,NA,1,37,"The Homeless",2,2,2,5,5,2,2,3,1,4,4,2.16666666666667,3.25,"none","the homeless"
143,1,1,1,1,2,3,2,2,3,4,50,40,10,4,4,2,2,3,6,8,3,4,5,5,7,7,NA,NA,1,72,"The Homeless",1,2,1,5,5,3,2,3,3,5,4,1.66666666666667,3.75,"none","the homeless"
144,1,1,1,3,1,1,2,1,1,4,34,33,33,3,2,2,2,3,4,8,3,3,4,3,7,6,NA,NA,1,48,"Housing Insecurity",1,1,1,5,5,1,1,1,1,2,2,1.33333333333333,2.25,"none","people who experience housing insecurity"
145,1,1,1,2,2,1,2,3,3,3,80,20,0,5,5,2,2,2,6,8,3,5,5,2,7,7,NA,1,NA,72,"Housing Insecurity",1,1,1,5,5,2,2,3,1,5,4,1.33333333333333,3.375,"other","people who experience housing insecurity"
146,1,1,1,2,3,2,2,3,4,5,50,50,0,2,2,2,2,2,7,8,3,3,3,3,7,7,NA,NA,1,72,"The Homeless",2,3,1,4,4,3,3,3,3,5,4,2.16666666666667,3.625,"none","the homeless"
147,1,1,1,2,3,2,2,2,3,3,34,33,33,5,3,2,2,2,5,5,3,5,4,2,7,7,NA,NA,1,100,"The Homeless",1,2,1,5,5,3,3,3,2,5,5,1.83333333333333,3.875,"none","the homeless"
148,1,1,1,1,1,1,2,2,3,1,25,50,25,4,5,2,2,2,6,8,3,3,3,4,7,7,1,1,NA,87,"The Homeless",1,1,1,5,5,2,2,2,2,5,2,1,3.125,"self","the homeless"
149,1,1,1,2,2,2,2,2,1,5,50,25,25,5,3,1,2,3,5,5,3,4,3,2,6,6,NA,1,NA,0,"Housing Insecurity",2,2,1,5,3,3,2,3,3,4,5,1.83333333333333,3.5,"other","people who experience housing insecurity"
150,1,1,1,4,5,5,2,3,4,5,0,50,50,3,3,1,2,2,1,2,1,4,4,3,1,1,NA,NA,1,49,"The Homeless",3,5,4,2,1,4,4,4,4,5,4,4.33333333333333,3.5,"none","the homeless"
151,1,1,1,3,2,3,2,4,1,4,50,40,10,5,4,1,2,2,3,4,2,5,5,5,2,2,1,1,NA,23,"Housing Insecurity",1,1,1,4,3,2,2,4,2,5,4,1.83333333333333,3.25,"self","people who experience housing insecurity"
152,1,1,1,3,4,2,2,4,4,5,45,45,10,3,2,2,2,3,2,3,1,3,3,4,2,1,NA,1,NA,60,"Housing Insecurity",2,3,2,4,3,4,4,3,4,2,5,2.66666666666667,3.625,"other","people who experience housing insecurity"
153,1,1,1,3,2,1,2,2,4,1,34,33,33,5,1,1,1,3,6,9,2,5,3,1,4,4,1,NA,NA,100,"The Homeless",2,1,1,5,5,1,3,3,3,5,1,1.66666666666667,3.25,"self","the homeless"
154,1,3,1,2,1,2,2,2,4,5,40,30,30,5,4,2,2,2,7,5,3,4,3,3,7,7,NA,NA,1,24,"The Homeless",1,2,2,5,5,3,3,3,2,4,4,1.66666666666667,3.625,"none","the homeless"
155,1,1,1,4,4,3,2,4,4,5,25,25,50,4,2,1,2,1,2,5,1,3,2,4,3,3,NA,NA,1,94,"The Homeless",2,2,2,3,4,2,3,3,3,4,3,2.83333333333333,3.125,"none","the homeless"
156,1,1,1,2,2,2,2,1,3,2,50,25,25,5,5,1,1,3,3,4,2,4,2,1,6,5,1,1,NA,38,"The Homeless",1,1,1,5,5,3,3,3,2,5,4,1.5,3.75,"self","the homeless"
157,1,1,3,4,3,4,2,4,3,2,30,30,40,3,1,1,2,3,4,3,2,5,4,4,3,2,NA,1,NA,82,"Housing Insecurity",2,3,1,2,2,4,4,4,4,5,5,2.83333333333333,3.75,"other","people who experience housing insecurity"
159,1,1,1,1,1,2,2,5,3,3,33,33,34,4,4,2,2,2,5,3,2,5,5,1,4,4,NA,NA,1,80,"Housing Insecurity",3,2,2,5,5,3,4,4,3,5,4,1.83333333333333,4.125,"none","people who experience housing insecurity"
160,1,1,1,2,2,2,2,4,4,4,25,25,50,5,3,2,2,3,4,8,3,4,5,3,2,2,NA,NA,1,46,"Housing Insecurity",2,2,2,3,4,4,4,5,3,5,5,2,4.125,"none","people who experience housing insecurity"
161,1,1,1,1,4,4,2,4,4,4,30,40,30,5,2,1,1,3,2,8,3,4,5,5,6,6,NA,NA,1,72,"Housing Insecurity",1,1,1,5,1,5,4,5,4,5,5,2,4.25,"none","people who experience housing insecurity"
162,1,1,1,4,4,3,2,4,4,1,100,0,0,5,4,1,1,3,2,3,2,4,4,5,2,1,NA,NA,1,72,"The Homeless",2,4,1,5,5,4,3,4,3,5,5,3,4.25,"none","the homeless"
163,1,1,1,3,3,2,2,3,1,3,20,70,10,3,3,2,2,2,5,4,3,3,3,3,4,5,NA,NA,1,59,"The Homeless",3,3,3,3,3,4,4,3,3,3,3,2.83333333333333,3.25,"none","the homeless"
164,1,1,1,3,5,5,2,4,4,5,0,50,50,5,4,1,1,1,4,5,2,3,3,2,3,2,NA,NA,1,36,"The Homeless",4,2,4,1,2,5,5,5,5,5,5,3.83333333333333,4.125,"none","the homeless"
165,1,1,1,3,2,2,2,4,3,2,35,30,35,4,2,1,2,2,5,5,2,3,4,5,7,6,NA,NA,1,74,"The Homeless",3,2,1,5,5,3,3,3,4,5,4,2.16666666666667,4,"none","the homeless"
166,1,1,1,2,3,2,2,1,3,2,45,45,10,5,3,1,2,2,3,5,3,3,3,4,6,6,NA,NA,1,78,"Housing Insecurity",2,2,2,5,3,4,2,5,2,5,4,2.16666666666667,3.75,"none","people who experience housing insecurity"
167,1,1,1,2,3,3,2,4,3,4,30,40,30,5,4,2,2,2,6,8,3,4,4,2,6,6,NA,1,NA,63,"The Homeless",1,2,1,4,4,3,3,4,3,5,4,2,3.75,"other","the homeless"
168,1,1,1,1,1,3,2,3,4,5,0,100,0,5,4,2,2,3,4,4,2,4,4,5,3,2,1,NA,NA,87,"Housing Insecurity",1,1,1,3,2,2,2,3,3,5,5,1.33333333333333,3.125,"self","people who experience housing insecurity"
169,1,1,1,2,1,2,2,2,3,3,50,25,25,5,5,2,2,2,5,5,3,3,4,3,7,7,1,NA,NA,64,"Housing Insecurity",2,1,1,5,5,3,2,3,3,5,4,1.5,3.75,"self","people who experience housing insecurity"
170,1,1,1,2,2,1,2,3,2,3,25,50,25,4,1,2,2,2,2,8,3,4,4,1,1,1,NA,NA,1,49,"Housing Insecurity",2,1,1,5,5,2,2,3,2,5,5,1.5,3.625,"none","people who experience housing insecurity"
171,1,1,1,5,3,1,2,4,3,3,0,100,0,4,1,1,1,3,1,1,2,3,3,3,1,1,NA,NA,1,75,"Housing Insecurity",3,3,2,1,3,4,4,4,4,5,5,2.83333333333333,3.75,"none","people who experience housing insecurity"
172,1,1,1,2,3,2,2,3,3,3,40,40,20,4,4,2,2,2,6,8,3,4,3,2,6,4,1,NA,NA,48,"Housing Insecurity",4,4,3,2,4,3,2,3,3,4,3,3,3,"self","people who experience housing insecurity"
173,1,1,1,3,4,3,2,4,3,2,50,50,0,2,4,1,1,1,3,3,2,3,3,5,3,3,NA,NA,1,50,"The Homeless",2,3,3,5,5,3,3,5,3,5,4,3,4.125,"none","the homeless"
174,1,1,1,2,1,1,2,1,2,2,50,50,0,4,3,2,2,2,4,5,2,3,3,2,6,6,1,1,NA,30,"Housing Insecurity",1,1,5,4,5,3,2,4,3,5,5,1.83333333333333,3.875,"self","people who experience housing insecurity"
175,1,1,1,5,5,4,2,5,1,5,30,40,30,5,5,1,2,3,7,5,1,5,4,3,7,7,NA,1,NA,44,"The Homeless",2,1,1,2,1,1,2,1,1,2,1,3,1.375,"other","the homeless"
176,1,1,1,1,2,2,2,2,2,3,34,33,33,3,3,1,2,4,5,5,3,4,3,3,6,6,NA,1,NA,73,"The Homeless",1,3,1,5,5,3,3,3,3,3,3,1.66666666666667,3.5,"other","the homeless"
177,1,1,1,1,1,1,2,3,3,1,34,33,33,5,3,2,2,2,7,9,3,5,5,5,6,6,NA,1,NA,100,"The Homeless",3,1,1,5,5,2,2,2,1,5,3,1.33333333333333,3.125,"other","the homeless"
178,1,1,1,2,2,2,2,2,2,2,40,20,40,4,2,2,2,2,4,4,2,3,2,3,6,6,NA,1,NA,61,"Housing Insecurity",1,2,1,4,3,3,3,3,3,4,4,1.66666666666667,3.375,"other","people who experience housing insecurity"
179,1,1,1,3,4,2,2,2,4,5,0,0,100,4,3,2,2,2,6,9,3,4,3,3,6,6,NA,NA,1,87,"The Homeless",1,4,1,5,5,4,3,5,3,5,4,2.5,4.25,"none","the homeless"
180,1,1,1,2,3,2,2,2,3,2,33,33,34,3,3,1,1,3,5,5,3,3,3,3,6,6,NA,NA,1,57,"Housing Insecurity",1,2,1,5,5,3,3,5,3,5,4,1.83333333333333,4.125,"none","people who experience housing insecurity"
181,1,1,1,2,3,3,2,2,4,5,33,33,34,4,2,1,1,3,4,4,3,4,3,2,7,6,NA,NA,1,22,"The Homeless",1,2,1,5,4,4,2,4,3,5,4,2,3.875,"none","the homeless"
182,1,1,1,1,3,1,2,4,3,3,75,25,0,5,4,1,1,3,7,8,3,4,3,3,7,7,NA,NA,1,100,"The Homeless",1,4,1,5,5,3,3,4,3,5,3,1.83333333333333,3.875,"none","the homeless"
183,1,1,1,3,3,3,2,2,3,4,20,50,30,3,3,1,1,2,1,2,1,4,4,2,1,1,NA,NA,1,72,"The Homeless",2,2,1,4,3,3,3,4,3,5,5,2.33333333333333,3.75,"none","the homeless"
184,1,1,1,2,1,1,2,2,3,2,50,25,25,4,4,2,2,2,6,8,3,4,4,4,7,7,1,NA,NA,72,"Housing Insecurity",1,1,1,5,5,2,1,3,1,5,2,1.16666666666667,3,"self","people who experience housing insecurity"
185,1,1,1,1,1,1,2,4,2,4,60,20,20,5,4,2,2,2,6,9,3,5,4,3,7,7,NA,NA,1,69,"Housing Insecurity",1,1,1,5,5,1,1,2,2,4,2,1,2.75,"none","people who experience housing insecurity"
186,1,1,1,3,2,3,2,2,3,3,33,33,34,3,3,1,2,3,4,4,2,3,3,4,1,2,1,NA,NA,49,"Housing Insecurity",2,2,1,3,4,3,3,4,3,5,4,2.16666666666667,3.625,"self","people who experience housing insecurity"
187,1,1,1,3,2,2,2,4,3,3,50,50,0,3,2,1,1,1,4,4,2,3,4,3,3,2,NA,NA,1,48,"The Homeless",2,2,2,5,5,3,3,3,3,4,3,2.16666666666667,3.625,"none","the homeless"
188,1,1,1,2,3,2,2,5,1,5,50,25,25,5,1,1,2,3,1,1,2,4,4,2,4,4,NA,NA,1,85,"Housing Insecurity",3,3,2,5,5,3,3,4,4,5,5,2.5,4.25,"none","people who experience housing insecurity"
189,1,1,1,2,1,2,2,2,3,3,40,50,10,4,4,1,2,3,6,5,3,4,3,2,2,2,NA,1,NA,19,"The Homeless",2,2,3,5,5,3,3,3,3,5,3,2,3.75,"other","the homeless"
190,1,1,1,1,1,2,2,4,3,4,50,40,10,2,2,2,2,2,1,1,1,5,5,5,1,1,NA,NA,1,86,"Housing Insecurity",1,1,2,4,5,3,3,3,2,4,5,1.33333333333333,3.625,"none","people who experience housing insecurity"
191,1,1,1,2,4,4,2,2,3,3,50,30,20,5,2,1,1,2,1,2,1,3,3,4,1,5,NA,1,NA,48,"The Homeless",1,4,2,4,4,3,3,4,3,5,4,2.83333333333333,3.75,"other","the homeless"
192,1,1,1,2,2,2,2,4,3,3,40,40,20,3,3,1,2,2,5,5,3,4,4,2,7,7,NA,NA,1,85,"The Homeless",1,1,1,4,4,3,3,4,3,5,5,1.5,3.875,"none","the homeless"
193,1,1,1,3,2,2,2,2,1,3,25,50,25,5,4,2,2,2,4,4,2,3,5,5,1,1,NA,NA,1,51,"Housing Insecurity",2,2,1,1,4,2,3,3,3,4,3,2,2.875,"none","people who experience housing insecurity"
194,1,1,1,3,2,2,2,2,3,3,75,25,0,5,5,2,2,2,7,8,3,5,1,2,7,7,1,NA,NA,46,"The Homeless",1,1,1,5,5,1,1,2,1,5,3,1.66666666666667,2.875,"self","the homeless"
195,1,1,1,4,1,3,2,2,3,4,60,20,20,1,2,1,1,3,4,2,2,4,3,1,3,3,NA,NA,1,90,"The Homeless",2,1,3,3,5,2,2,4,2,5,3,2.33333333333333,3.25,"none","the homeless"
196,1,1,1,4,3,4,2,3,4,2,60,30,10,4,2,2,2,3,1,4,1,3,3,2,3,2,NA,1,NA,18,"The Homeless",2,3,1,3,3,3,2,3,3,5,4,2.83333333333333,3.25,"other","the homeless"
197,1,1,1,1,1,1,2,2,1,3,35,35,30,5,5,2,2,2,6,8,3,5,4,2,7,7,1,1,NA,35,"Housing Insecurity",1,1,1,5,1,2,1,3,1,4,3,1,2.5,"self","people who experience housing insecurity"
198,1,1,1,2,1,1,2,2,1,3,50,25,25,5,3,1,2,3,5,8,3,4,4,5,7,6,NA,1,NA,56,"Housing Insecurity",1,1,1,5,5,2,1,3,1,4,5,1.16666666666667,3.25,"other","people who experience housing insecurity"
199,1,1,3,1,2,1,2,2,2,3,35,25,40,5,4,2,2,3,3,4,2,4,4,2,5,5,1,NA,NA,24,"Housing Insecurity",2,2,2,4,2,2,1,3,2,4,4,1.66666666666667,2.75,"self","people who experience housing insecurity"
200,1,1,1,2,2,2,2,3,3,4,50,50,0,4,4,2,2,2,6,8,3,4,4,4,6,6,NA,1,NA,96,"The Homeless",2,2,2,5,5,2,2,4,2,4,3,2,3.375,"other","the homeless"
201,1,1,1,2,2,2,2,4,2,5,35,35,30,5,5,2,2,3,4,8,2,5,4,3,7,7,NA,1,NA,48,"Housing Insecurity",2,2,1,5,5,2,2,3,3,4,3,1.83333333333333,3.375,"other","people who experience housing insecurity"
202,1,1,3,2,1,1,2,1,1,3,40,50,10,5,5,2,2,2,4,5,2,4,4,5,6,6,1,1,NA,100,"Housing Insecurity",2,1,1,5,5,1,2,3,1,4,4,1.33333333333333,3.125,"self","people who experience housing insecurity"
203,1,1,1,2,2,4,2,2,3,3,33,34,33,3,3,2,2,2,4,4,2,4,3,3,4,3,NA,1,NA,48,"Housing Insecurity",2,2,2,4,4,3,3,3,3,5,4,2.33333333333333,3.625,"other","people who experience housing insecurity"
204,1,1,1,4,5,5,2,4,4,4,25,50,25,5,4,1,2,2,2,5,2,4,3,2,6,2,NA,NA,1,26,"The Homeless",1,3,2,5,5,5,4,4,4,5,4,3.33333333333333,4.5,"none","the homeless"
205,1,1,1,2,2,2,2,1,4,5,30,70,0,5,4,1,1,1,5,4,2,4,5,5,2,2,NA,NA,1,24,"The Homeless",2,3,1,5,5,4,3,4,4,5,5,2,4.375,"none","the homeless"
206,1,1,1,1,3,4,2,2,4,4,50,50,0,4,1,1,1,2,2,2,2,4,3,3,2,2,NA,1,NA,24,"Housing Insecurity",1,2,2,3,3,2,2,2,2,5,5,2.16666666666667,3,"other","people who experience housing insecurity"
207,1,1,1,1,1,1,2,2,3,4,50,30,20,5,3,1,1,3,6,8,3,4,3,2,7,7,1,1,NA,71,"Housing Insecurity",2,1,1,5,3,2,2,3,2,4,3,1.16666666666667,3,"self","people who experience housing insecurity"
208,1,1,1,3,4,2,2,2,3,4,33,33,34,3,5,2,2,3,7,8,2,4,3,3,7,7,1,NA,NA,53,"The Homeless",1,3,2,5,4,3,3,3,2,5,3,2.5,3.5,"self","the homeless"
209,1,1,1,4,5,4,2,2,4,5,10,75,15,4,4,1,1,3,4,1,1,4,5,1,2,2,1,NA,NA,100,"The Homeless",1,5,5,3,5,4,5,5,5,5,5,4,4.625,"self","the homeless"
210,1,1,1,2,3,2,2,2,3,2,40,50,10,4,2,2,2,3,4,4,2,3,5,2,5,5,NA,1,NA,73,"The Homeless",1,1,1,5,5,2,2,2,2,5,4,1.66666666666667,3.375,"other","the homeless"
211,1,1,1,2,1,1,2,4,3,3,30,40,30,5,2,2,2,2,5,5,2,4,4,2,2,2,1,1,NA,93,"Housing Insecurity",2,1,1,4,2,3,1,3,1,4,4,1.33333333333333,2.75,"self","people who experience housing insecurity"
212,1,1,1,4,4,3,2,3,3,3,50,50,0,4,3,1,2,2,3,5,3,3,2,1,2,2,NA,1,NA,53,"Housing Insecurity",2,3,4,2,2,3,4,4,3,5,5,3.33333333333333,3.5,"other","people who experience housing insecurity"
213,1,1,1,3,2,3,2,3,2,4,60,30,10,2,2,2,2,2,4,5,3,3,3,4,6,5,1,1,NA,45,"Housing Insecurity",2,3,2,5,5,3,2,3,2,4,5,2.5,3.625,"self","people who experience housing insecurity"
214,1,1,1,2,3,3,2,2,1,4,100,0,0,3,2,1,1,2,1,1,1,3,1,1,1,1,NA,1,NA,15,"Housing Insecurity",3,3,1,5,1,3,3,3,4,4,3,2.5,3.25,"other","people who experience housing insecurity"
215,1,1,1,2,2,2,2,2,3,4,40,40,20,4,3,2,2,2,6,8,3,4,3,4,7,7,NA,NA,1,37,"The Homeless",1,3,1,5,5,3,3,4,3,5,5,1.83333333333333,4.125,"none","the homeless"
216,1,1,1,2,2,1,2,2,3,5,45,45,10,5,3,2,2,2,4,8,3,3,3,4,7,6,NA,1,NA,26,"Housing Insecurity",1,1,2,4,3,3,3,3,1,5,2,1.5,3,"other","people who experience housing insecurity"
217,1,1,1,3,1,2,2,3,4,1,25,50,25,4,4,1,2,3,7,9,3,5,5,3,1,1,NA,NA,1,83,"The Homeless",2,2,2,5,5,3,2,2,2,5,3,2,3.375,"none","the homeless"
218,1,1,1,4,4,4,2,5,4,5,40,40,20,4,3,1,2,3,3,5,2,4,5,4,6,6,1,1,NA,13,"The Homeless",2,2,2,4,5,5,5,5,5,5,5,3,4.875,"self","the homeless"
219,1,1,1,3,3,2,2,2,3,1,37.5,37.5,25,3,4,2,2,2,2,3,2,4,3,1,2,2,NA,1,NA,59,"The Homeless",4,3,3,5,5,3,3,3,3,5,3,3,3.75,"other","the homeless"
220,1,1,1,2,2,1,2,4,3,2,30,50,20,4,4,1,2,2,6,4,3,3,2,1,2,2,1,NA,NA,71,"Housing Insecurity",2,3,2,4,4,4,4,3,3,4,5,2,3.875,"self","people who experience housing insecurity"
221,1,1,1,2,4,4,2,4,3,3,20,70,10,5,5,2,2,2,7,9,3,5,5,2,5,4,NA,1,NA,47,"The Homeless",1,2,2,3,3,5,1,3,1,1,4,2.5,2.625,"other","the homeless"
222,1,1,1,3,2,2,2,2,3,2,35,40,25,5,4,2,2,2,7,8,2,4,5,4,6,6,NA,NA,1,87,"Housing Insecurity",2,2,2,3,5,3,3,4,3,4,5,2.16666666666667,3.75,"none","people who experience housing insecurity"
224,1,1,1,1,1,1,2,1,3,3,100,0,0,5,5,2,2,3,7,8,3,4,4,5,7,7,1,NA,NA,65,"Housing Insecurity",1,1,1,5,5,1,1,3,1,5,1,1,2.75,"self","people who experience housing insecurity"
225,1,1,1,1,2,1,2,2,2,2,34,33,33,2,2,2,2,3,5,5,3,4,3,5,7,7,NA,1,NA,58,"The Homeless",1,4,2,5,5,2,2,2,2,4,4,1.83333333333333,3.25,"other","the homeless"
226,1,1,1,2,2,1,2,2,2,4,50,25,25,5,5,2,2,3,7,8,3,4,3,3,7,6,NA,1,NA,73,"Housing Insecurity",2,1,1,5,5,2,2,3,2,4,4,1.5,3.375,"other","people who experience housing insecurity"
227,1,1,1,2,1,1,2,2,3,4,100,0,0,5,5,1,1,1,1,1,2,3,3,1,2,2,1,1,NA,58,"Housing Insecurity",2,1,1,5,5,3,3,4,3,5,4,1.33333333333333,4,"self","people who experience housing insecurity"
228,1,1,1,1,1,1,2,2,3,5,75,10,15,4,3,2,2,2,5,8,3,5,5,1,4,5,NA,1,NA,26,"The Homeless",1,1,1,5,5,1,1,2,2,5,5,1,3.25,"other","the homeless"
229,1,1,1,4,2,1,2,4,2,5,40,50,10,2,3,2,2,2,5,5,2,4,3,3,5,5,NA,1,NA,38,"Housing Insecurity",2,1,1,5,5,3,2,3,3,5,4,1.83333333333333,3.75,"other","people who experience housing insecurity"
230,1,1,1,2,2,2,2,5,3,4,60,30,10,4,4,2,2,2,6,8,3,4,4,2,4,4,NA,1,NA,24,"The Homeless",4,4,2,5,5,3,2,3,2,5,4,2.66666666666667,3.625,"other","the homeless"
231,1,1,1,5,4,1,2,5,4,4,50,50,0,5,3,1,2,3,1,4,1,4,2,1,1,1,NA,1,NA,48,"Housing Insecurity",3,4,1,5,5,2,3,4,3,5,3,3,3.75,"other","people who experience housing insecurity"
232,1,1,1,4,5,2,2,4,4,1,0,100,0,4,2,2,2,3,4,5,2,3,4,1,1,1,NA,NA,1,13,"The Homeless",2,5,3,2,5,4,4,3,4,5,4,3.5,3.875,"none","the homeless"
233,1,1,1,1,1,1,2,4,3,4,25,50,25,5,5,2,2,2,5,4,2,4,3,3,5,5,NA,NA,1,66,"Housing Insecurity",4,1,1,5,5,2,1,3,1,3,2,1.5,2.75,"none","people who experience housing insecurity"
234,1,1,1,3,2,2,2,3,4,5,100,0,0,5,1,1,1,1,4,2,2,3,3,1,4,4,NA,NA,1,43,"The Homeless",3,2,2,5,5,2,3,3,2,4,5,2.33333333333333,3.625,"none","the homeless"
235,1,1,1,3,2,3,2,4,4,5,33,34,33,4,3,1,2,3,1,3,1,4,3,2,2,1,1,1,NA,49,"Housing Insecurity",2,1,2,3,3,2,4,4,5,5,3,2.16666666666667,3.625,"self","people who experience housing insecurity"
236,1,1,1,4,2,1,2,4,3,4,45,45,10,4,3,2,2,4,3,4,3,4,4,3,6,5,NA,1,NA,55,"Housing Insecurity",2,2,3,5,5,3,2,3,3,5,3,2.33333333333333,3.625,"other","people who experience housing insecurity"
237,1,1,1,1,1,1,2,2,3,1,50,25,25,5,5,2,2,2,4,8,3,3,5,3,6,7,1,1,NA,75,"Housing Insecurity",1,1,1,5,5,1,1,1,1,5,5,1,3,"self","people who experience housing insecurity"
238,1,3,1,3,5,4,2,2,4,3,50,40,10,4,2,2,2,2,4,3,1,3,4,4,5,2,NA,NA,1,62,"The Homeless",2,4,2,3,3,3,2,4,3,5,2,3.33333333333333,3.125,"none","the homeless"
239,1,1,1,2,2,2,2,2,3,5,33,34,33,4,3,2,2,3,5,8,3,3,3,2,7,7,1,1,NA,40,"The Homeless",1,1,1,5,5,2,2,3,2,4,4,1.5,3.375,"self","the homeless"
240,1,1,1,4,4,2,2,4,3,3,33,34,33,3,3,2,2,2,3,5,2,4,3,1,5,5,NA,NA,1,83,"The Homeless",2,2,2,4,2,3,3,4,3,5,4,2.66666666666667,3.5,"none","the homeless"
241,1,1,1,1,2,2,2,4,2,5,33,33,34,4,3,2,2,2,4,5,3,3,2,3,5,5,1,1,NA,61,"Housing Insecurity",1,2,1,5,4,3,3,3,3,5,4,1.5,3.75,"self","people who experience housing insecurity"
242,1,1,1,3,4,3,2,4,1,3,30,40,30,4,3,2,2,2,5,4,3,4,4,3,7,7,NA,1,1,NA,"Housing Insecurity",3,3,2,2,2,2,3,4,3,2,3,3,2.625,"other","people who experience housing insecurity"
243,1,1,1,2,2,3,2,2,3,5,80,5,15,3,2,2,2,2,4,8,3,3,5,2,6,6,NA,1,NA,42,"The Homeless",1,2,2,4,5,3,3,3,3,5,5,2,3.875,"other","the homeless"
245,1,1,1,1,2,3,2,2,3,1,100,0,0,2,2,1,2,2,6,5,3,4,3,2,6,6,NA,1,NA,66,"The Homeless",2,2,1,5,5,2,3,3,3,5,4,1.83333333333333,3.75,"other","the homeless"
246,1,1,1,3,2,3,2,4,4,2,30,40,30,4,4,2,2,2,4,4,2,3,3,1,2,2,NA,1,NA,72,"The Homeless",2,1,1,4,5,3,3,4,3,5,5,2,4,"other","the homeless"
247,1,1,1,3,3,2,2,2,3,3,50,10,40,5,4,1,2,1,5,3,2,4,3,2,6,6,NA,NA,1,51,"Housing Insecurity",2,4,2,2,4,4,4,4,4,5,5,2.66666666666667,4,"none","people who experience housing insecurity"
248,1,1,1,4,3,3,2,4,4,1,50,0,50,5,1,1,1,2,1,1,2,5,4,4,1,1,NA,NA,1,24,"The Homeless",2,2,2,3,3,4,4,4,3,5,5,2.66666666666667,3.875,"none","the homeless"
249,1,1,1,1,1,1,2,1,3,5,100,0,0,5,4,1,1,1,2,4,1,4,4,3,7,7,NA,NA,1,88,"Housing Insecurity",1,1,1,5,5,2,2,3,3,5,4,1,3.625,"none","people who experience housing insecurity"
250,1,1,1,1,2,2,2,3,3,3,70,25,5,5,4,2,2,2,6,8,3,3,3,4,7,6,NA,NA,1,32,"Housing Insecurity",1,2,1,5,5,2,1,3,2,4,5,1.5,3.375,"none","people who experience housing insecurity"
252,1,1,1,4,4,2,2,5,4,2,25,50,25,4,1,1,1,1,1,1,1,3,4,1,1,1,NA,NA,1,54,"Housing Insecurity",5,3,3,2,2,4,3,5,4,5,4,3.5,3.625,"none","people who experience housing insecurity"
253,1,1,1,4,3,3,2,3,2,3,40,40,20,4,3,2,2,2,4,5,3,4,3,3,6,3,NA,1,NA,73,"The Homeless",1,2,1,4,3,3,3,4,3,4,4,2.33333333333333,3.5,"other","the homeless"
254,1,1,1,5,1,1,2,4,3,2,50,40,10,4,4,1,2,1,7,9,3,5,4,1,1,1,NA,NA,1,22,"The Homeless",1,1,5,5,1,5,2,5,2,5,5,2.33333333333333,3.75,"none","the homeless"
255,1,1,1,1,2,1,2,4,3,3,50,50,0,5,4,2,2,2,6,9,3,3,2,5,1,1,NA,1,NA,51,"Housing Insecurity",5,3,3,3,5,3,2,3,3,2,3,2.5,3,"other","people who experience housing insecurity"
256,1,1,1,2,5,5,2,3,3,1,15,70,15,4,3,1,2,2,4,3,2,3,3,4,5,4,NA,NA,1,75,"The Homeless",2,3,3,4,4,4,3,4,4,5,5,3.33333333333333,4.125,"none","the homeless"
257,1,1,1,1,1,1,2,4,3,5,30,30,40,5,5,2,2,2,6,5,3,3,3,3,7,7,1,1,NA,83,"Housing Insecurity",1,1,1,5,5,2,2,3,3,5,4,1,3.625,"self","people who experience housing insecurity"
258,1,1,1,2,1,1,2,2,2,2,34,33,33,4,3,1,1,2,5,8,3,2,3,5,6,6,1,NA,NA,41,"Housing Insecurity",1,1,1,4,5,2,2,3,2,4,4,1.16666666666667,3.25,"self","people who experience housing insecurity"
259,1,1,1,2,2,2,2,4,3,3,50,25,25,2,2,2,2,3,5,4,3,4,4,3,5,5,NA,NA,1,35,"Housing Insecurity",2,2,5,4,4,2,3,2,3,3,4,2.5,3.125,"none","people who experience housing insecurity"
260,1,1,1,2,4,4,2,2,4,5,33,33,34,4,4,1,1,3,2,8,3,5,4,5,6,6,1,NA,NA,73,"The Homeless",1,2,2,5,5,3,2,3,3,5,3,2.5,3.625,"self","the homeless"
261,1,1,1,5,4,4,2,3,1,5,40,30,30,4,4,2,1,3,4,8,3,5,5,4,1,1,1,NA,NA,99,"The Homeless",1,2,1,2,2,2,1,2,1,2,1,2.83333333333333,1.625,"self","the homeless"
262,1,1,1,2,2,2,2,4,4,3,50,50,0,4,3,1,1,2,3,4,2,4,4,4,2,5,NA,NA,1,48,"The Homeless",1,2,1,5,5,3,2,3,2,5,3,1.66666666666667,3.5,"none","the homeless"
263,1,1,1,4,4,4,2,4,4,4,25,25,50,4,2,1,1,1,1,2,1,3,2,1,1,2,NA,NA,1,23,"The Homeless",4,4,4,1,2,4,4,4,4,5,4,4,3.5,"none","the homeless"
264,1,1,1,5,5,5,2,5,4,5,45,45,10,5,1,1,1,3,2,5,2,3,3,2,2,1,NA,NA,1,10,"The Homeless",4,4,4,1,1,5,5,3,4,5,5,4.5,3.625,"none","the homeless"
265,1,1,1,2,2,2,2,2,3,3,30,10,60,4,3,2,2,3,5,8,3,4,4,4,6,6,NA,1,NA,51,"Housing Insecurity",2,2,2,4,4,2,2,3,2,4,3,2,3,"other","people who experience housing insecurity"
266,1,1,1,4,3,2,2,4,4,4,60,20,20,5,2,1,2,2,1,1,1,4,4,2,1,1,NA,NA,1,89,"Housing Insecurity",1,4,1,5,5,5,4,5,4,5,5,2.5,4.75,"none","people who experience housing insecurity"
267,1,1,1,1,1,2,2,2,3,1,30,50,20,5,5,2,2,1,6,5,3,4,4,1,2,1,NA,1,NA,80,"The Homeless",1,1,2,4,5,4,3,3,3,5,3,1.33333333333333,3.75,"other","the homeless"
268,1,1,1,4,3,3,2,3,3,4,50,50,0,5,5,2,2,2,4,4,3,3,4,4,2,2,NA,NA,1,72,"Housing Insecurity",1,2,2,1,2,3,3,4,3,4,4,2.5,3,"none","people who experience housing insecurity"
269,1,1,1,5,4,2,2,5,4,5,10,80,10,2,2,1,1,3,3,4,2,4,3,2,7,7,NA,1,NA,72,"Housing Insecurity",1,4,1,4,3,4,3,4,3,5,4,2.83333333333333,3.75,"other","people who experience housing insecurity"
270,1,1,1,1,3,1,2,2,3,3,100,0,0,4,1,1,2,3,2,2,1,4,4,1,3,1,NA,NA,1,15,"Housing Insecurity",2,1,1,3,4,3,2,4,2,5,5,1.5,3.5,"none","people who experience housing insecurity"
271,1,1,1,1,1,1,2,3,4,5,30,50,20,3,4,1,2,3,5,5,3,5,5,1,6,6,NA,NA,1,77,"The Homeless",1,1,1,5,5,3,2,4,3,3,3,1,3.5,"none","the homeless"
272,1,1,1,3,1,2,2,4,1,3,35,35,30,5,3,2,2,3,5,9,2,4,4,1,1,1,NA,NA,1,64,"The Homeless",2,2,1,4,4,2,3,2,2,2,2,1.83333333333333,2.625,"none","the homeless"
273,1,1,1,2,3,2,2,3,3,2,33,34,33,5,1,2,2,2,6,5,3,4,3,3,5,4,NA,NA,1,72,"The Homeless",1,3,1,5,5,3,3,3,3,5,5,2,4,"none","the homeless"
274,1,1,1,3,4,3,2,4,4,2,50,50,0,3,2,2,2,2,1,3,2,4,4,4,2,1,NA,NA,1,56,"The Homeless",2,3,2,4,4,4,4,4,4,5,5,2.83333333333333,4.25,"none","the homeless"
275,1,1,1,3,1,2,2,4,2,2,50,40,10,3,1,2,2,3,3,3,2,3,3,2,2,2,NA,NA,1,31,"Housing Insecurity",2,2,1,2,3,3,2,4,2,5,4,1.83333333333333,3.125,"none","people who experience housing insecurity"
276,1,1,1,3,1,3,2,4,3,4,40,40,20,5,2,2,2,2,6,8,3,4,4,2,5,5,NA,1,NA,37,"Housing Insecurity",1,1,1,5,5,3,3,3,2,4,4,1.66666666666667,3.625,"other","people who experience housing insecurity"
277,1,1,1,1,1,1,2,2,3,4,50,0,50,4,4,2,2,3,2,4,2,4,2,1,6,6,NA,NA,1,47,"Housing Insecurity",1,1,1,5,5,3,2,3,3,4,3,1,3.5,"none","people who experience housing insecurity"
278,1,1,1,1,1,1,2,4,3,4,65,35,0,5,1,1,2,2,1,2,1,3,3,1,2,2,NA,1,NA,60,"The Homeless",1,1,1,5,5,2,2,3,2,4,3,1,3.25,"other","the homeless"
279,1,1,1,4,5,4,2,4,2,3,50,49,1,5,5,1,2,1,4,1,1,4,4,4,3,1,NA,1,NA,26,"The Homeless",1,3,1,5,5,2,2,3,3,5,3,3,3.5,"other","the homeless"
280,1,1,1,1,2,2,2,2,3,1,40,45,15,3,5,2,2,2,5,5,3,4,5,3,7,7,NA,1,NA,37,"The Homeless",1,2,2,5,4,1,1,1,1,4,3,1.66666666666667,2.5,"other","the homeless"
281,1,1,1,3,2,3,2,4,4,3,40,40,20,4,2,2,2,3,2,2,1,4,4,4,1,3,NA,NA,1,62,"Housing Insecurity",2,2,3,3,3,3,3,3,3,4,4,2.5,3.25,"none","people who experience housing insecurity"
282,1,1,1,4,3,2,2,4,4,4,25,40,35,4,2,1,2,1,2,3,1,3,4,2,2,2,NA,NA,1,48,"The Homeless",2,2,2,3,5,3,3,4,3,5,4,2.5,3.75,"none","the homeless"
283,1,1,1,2,2,3,2,2,3,3,40,30,30,4,3,1,2,3,1,2,3,4,4,2,5,3,NA,1,NA,31,"The Homeless",2,2,2,4,4,3,3,4,2,5,4,2.16666666666667,3.625,"other","the homeless"
284,1,1,1,2,1,1,2,4,1,1,30,30,40,4,3,1,1,3,1,1,2,5,1,1,1,1,1,NA,NA,33,"Housing Insecurity",2,1,2,4,3,3,3,3,3,4,3,1.5,3.25,"self","people who experience housing insecurity"
285,1,1,1,2,3,2,2,4,3,2,30,30,40,3,1,1,1,3,4,5,2,3,2,3,6,6,NA,NA,1,39,"The Homeless",1,3,2,4,3,4,3,4,3,5,4,2.16666666666667,3.75,"none","the homeless"
286,1,1,1,5,5,4,2,4,4,1,50,50,0,5,4,1,1,1,1,2,2,3,3,2,1,1,NA,NA,1,74,"Housing Insecurity",2,4,4,2,3,4,3,4,3,5,5,4,3.625,"none","people who experience housing insecurity"
287,1,1,1,3,3,3,2,4,3,2,10,20,70,3,2,1,2,2,3,5,1,4,4,2,4,3,NA,NA,1,72,"Housing Insecurity",1,3,3,2,2,3,3,4,3,5,4,2.66666666666667,3.25,"none","people who experience housing insecurity"
288,1,1,1,4,5,3,2,4,2,4,40,30,30,5,4,1,2,3,6,8,3,5,5,3,1,1,1,NA,NA,73,"The Homeless",2,1,3,3,5,1,2,3,2,4,2,3,2.75,"self","the homeless"
289,1,1,1,3,4,3,2,2,4,3,50,50,0,4,2,1,2,3,3,4,3,3,3,2,5,4,NA,NA,1,47,"Housing Insecurity",1,2,4,2,3,4,3,4,3,5,5,2.83333333333333,3.625,"none","people who experience housing insecurity"
291,1,1,1,3,2,3,2,3,4,1,40,40,20,5,2,1,2,3,4,4,2,3,3,2,4,4,NA,1,NA,48,"The Homeless",2,1,1,3,5,3,3,4,3,5,4,2,3.75,"other","the homeless"
292,1,1,1,4,3,3,2,5,3,2,0,0,100,4,1,1,2,3,2,4,2,3,4,4,5,1,NA,NA,1,1,"Housing Insecurity",3,3,2,2,4,3,2,2,2,3,3,3,2.625,"none","people who experience housing insecurity"
293,1,1,1,2,1,1,2,4,2,4,60,30,10,4,5,2,2,2,6,8,3,4,5,2,1,1,NA,1,1,55,"Housing Insecurity",1,2,2,5,4,2,3,4,2,5,2,1.5,3.375,"other","people who experience housing insecurity"
294,1,1,1,1,1,2,2,3,3,5,60,35,5,4,4,2,2,2,7,8,3,5,4,2,1,1,NA,1,NA,83,"The Homeless",2,2,2,5,4,3,4,4,3,5,1,1.66666666666667,3.625,"other","the homeless"
295,1,1,1,4,5,3,2,4,2,3,40,30,30,5,4,2,2,3,7,8,3,4,5,4,1,1,NA,1,NA,82,"Housing Insecurity",2,1,3,4,5,1,2,2,2,4,2,3,2.75,"other","people who experience housing insecurity"
296,1,3,1,4,3,3,2,4,4,3,30,40,30,4,2,2,2,3,4,3,2,4,3,2,3,3,NA,NA,1,56,"Housing Insecurity",1,2,2,2,1,3,1,3,2,4,3,2.5,2.375,"none","people who experience housing insecurity"
297,1,1,1,3,2,5,2,4,4,3,25,50,25,4,3,1,2,3,1,2,1,4,4,2,2,2,NA,NA,1,20,"The Homeless",1,1,1,4,4,2,3,3,3,4,4,2.16666666666667,3.375,"none","the homeless"
298,1,1,1,2,2,2,2,2,3,5,60,20,20,5,5,1,1,1,1,1,1,4,3,4,2,2,1,NA,NA,100,"The Homeless",1,2,1,5,5,3,3,3,2,5,4,1.66666666666667,3.75,"self","the homeless"
299,1,1,1,5,2,2,2,4,3,3,30,40,30,5,5,2,2,1,6,9,3,5,5,5,1,1,1,NA,1,69,"The Homeless",2,1,2,2,2,4,3,4,2,2,2,2.33333333333333,2.625,"self","the homeless"
300,1,1,1,5,5,4,2,5,4,3,0,0,100,5,5,1,2,2,6,8,3,5,5,4,1,1,NA,1,NA,50,"The Homeless",2,5,5,1,2,4,4,4,4,4,4,4.33333333333333,3.375,"other","the homeless"
301,1,1,1,3,1,2,2,2,2,4,30,40,30,4,3,1,1,1,1,2,1,4,4,2,3,3,NA,1,NA,43,"The Homeless",1,1,1,4,5,3,2,2,2,4,3,1.5,3.125,"other","the homeless"
302,1,1,1,1,1,3,2,2,4,5,35,35,30,5,2,1,1,3,2,2,2,4,4,4,2,2,NA,1,NA,61,"The Homeless",1,1,1,4,5,3,3,3,3,5,5,1.33333333333333,3.875,"other","the homeless"
303,1,1,1,2,4,4,2,4,3,3,30,50,20,3,3,2,2,2,6,8,2,4,3,2,2,2,NA,NA,1,63,"Housing Insecurity",3,3,2,3,3,4,3,4,4,3,4,3,3.5,"none","people who experience housing insecurity"
304,1,1,1,3,2,2,2,2,3,3,50,30,20,5,3,1,2,2,6,5,3,4,4,1,2,2,NA,NA,1,49,"Housing Insecurity",3,2,2,4,4,1,1,3,2,5,4,2.33333333333333,3,"none","people who experience housing insecurity"
305,1,1,1,1,4,4,2,2,4,2,50,40,10,3,2,2,2,4,2,5,3,3,5,5,3,1,NA,1,NA,50,"The Homeless",1,4,2,5,5,4,3,4,4,5,5,2.66666666666667,4.375,"other","the homeless"
306,1,1,1,2,2,2,2,2,3,2,20,35,45,5,4,1,2,2,6,5,3,4,5,3,6,6,NA,NA,1,14,"Housing Insecurity",1,3,5,4,3,3,3,3,3,4,5,2.5,3.5,"none","people who experience housing insecurity"
307,1,1,1,2,2,2,2,5,3,2,40,40,20,5,4,2,1,2,7,9,3,5,4,4,7,7,NA,NA,1,74,"The Homeless",2,2,1,4,4,4,3,2,2,5,3,1.83333333333333,3.375,"none","the homeless"
308,1,1,1,2,1,2,2,2,2,4,30,50,20,3,3,2,2,2,4,3,2,4,5,1,3,1,1,1,NA,48,"Housing Insecurity",2,1,1,5,5,3,1,3,1,4,5,1.5,3.375,"self","people who experience housing insecurity"
309,1,1,1,2,1,1,2,3,3,4,70,10,20,5,4,2,2,2,5,5,3,3,3,2,7,6,NA,NA,1,73,"Housing Insecurity",1,1,1,5,5,2,2,4,2,4,3,1.16666666666667,3.375,"none","people who experience housing insecurity"
310,1,1,1,2,2,2,2,2,3,4,75,25,0,5,3,1,2,2,6,8,3,4,4,5,7,7,1,1,NA,76,"Housing Insecurity",1,2,1,5,4,3,2,4,3,5,5,1.66666666666667,3.875,"self","people who experience housing insecurity"
311,1,1,1,2,1,2,2,4,3,3,40,30,30,4,3,2,2,2,5,5,3,4,3,3,3,5,1,1,NA,57,"Housing Insecurity",2,1,1,3,3,3,2,3,2,4,3,1.5,2.875,"self","people who experience housing insecurity"
312,1,1,1,1,1,1,2,4,3,5,20,40,40,5,2,1,2,1,4,1,2,5,5,3,1,1,1,1,NA,98,"Housing Insecurity",1,1,1,3,5,2,2,2,1,5,4,1,3,"self","people who experience housing insecurity"
313,1,1,1,2,1,1,2,4,3,3,50,50,0,5,5,2,2,2,5,5,3,4,4,3,2,2,1,1,NA,48,"Housing Insecurity",1,1,1,5,5,3,2,3,1,4,3,1.16666666666667,3.25,"self","people who experience housing insecurity"
315,1,1,1,4,3,2,2,3,2,4,50,50,0,4,1,1,2,2,1,2,1,3,2,3,2,1,1,NA,NA,72,"Housing Insecurity",1,3,3,3,4,3,3,3,3,5,5,2.66666666666667,3.625,"self","people who experience housing insecurity"
316,1,1,1,3,2,2,2,4,3,3,0,100,0,5,1,1,1,4,1,1,1,4,3,1,1,2,NA,NA,1,100,"Housing Insecurity",2,2,2,5,3,3,3,4,3,5,4,2.16666666666667,3.75,"none","people who experience housing insecurity"
317,1,1,1,4,3,3,2,4,2,2,40,30,30,3,4,2,1,2,6,8,3,5,4,4,1,1,NA,NA,1,62,"Housing Insecurity",2,2,2,2,3,2,3,3,3,3,2,2.66666666666667,2.625,"none","people who experience housing insecurity"
318,1,1,1,2,1,1,2,1,2,4,80,10,10,5,5,2,2,2,5,4,3,3,1,3,2,3,NA,1,NA,88,"Housing Insecurity",5,2,1,5,5,2,2,2,2,3,3,2,3,"other","people who experience housing insecurity"
319,1,1,1,4,3,3,2,3,4,4,30,30,40,4,1,1,1,3,1,1,2,4,2,3,1,1,NA,NA,1,55,"The Homeless",3,1,3,2,3,3,2,3,3,5,5,2.83333333333333,3.25,"none","the homeless"
320,1,1,1,2,1,4,2,3,3,4,50,25,25,5,3,2,2,2,2,2,2,3,4,2,4,2,1,1,NA,70,"Housing Insecurity",2,1,3,4,4,4,4,4,3,4,3,2.16666666666667,3.75,"self","people who experience housing insecurity"
321,1,1,1,2,3,3,2,3,3,4,25,25,50,3,1,1,2,3,3,3,2,3,3,2,6,4,NA,NA,1,25,"The Homeless",3,2,2,3,5,3,3,3,3,5,5,2.5,3.75,"none","the homeless"
322,1,1,1,2,1,2,2,2,3,4,40,30,30,5,3,2,2,2,4,4,3,3,4,1,7,7,1,1,NA,69,"Housing Insecurity",1,2,1,5,5,3,3,3,3,5,5,1.5,4,"self","people who experience housing insecurity"
323,1,1,1,3,2,2,2,3,3,2,40,30,30,4,4,2,2,3,4,4,2,5,5,2,2,2,NA,NA,1,83,"The Homeless",2,2,4,3,3,4,3,3,3,3,3,2.5,3.125,"none","the homeless"
324,1,1,1,2,5,4,2,4,4,4,33.33,33.33,33.34,5,4,2,2,2,6,5,3,3,3,5,7,2,NA,NA,1,47,"The Homeless",1,5,4,5,5,4,3,4,4,5,5,3.5,4.375,"none","the homeless"
325,1,1,1,2,1,2,2,1,1,5,50,0,50,5,5,2,2,2,5,4,2,5,4,3,7,7,NA,1,NA,24,"The Homeless",1,1,1,5,5,1,1,3,1,4,3,1.33333333333333,2.875,"other","the homeless"
326,1,1,1,2,1,1,2,2,1,4,40,40,20,5,5,1,2,2,5,5,3,3,3,4,6,6,NA,1,NA,53,"Housing Insecurity",1,1,1,5,3,2,2,3,3,5,4,1.16666666666667,3.375,"other","people who experience housing insecurity"
328,1,1,1,2,1,2,2,3,3,3,25,50,25,4,4,2,2,2,6,8,3,3,3,2,2,3,NA,NA,1,49,"The Homeless",1,1,1,5,5,2,2,3,2,5,5,1.33333333333333,3.625,"none","the homeless"
329,1,1,1,2,2,3,2,4,4,2,45,45,10,5,4,1,1,1,4,2,2,3,4,5,1,1,NA,1,NA,40,"Housing Insecurity",2,2,3,3,3,2,3,3,3,3,3,2.33333333333333,2.875,"other","people who experience housing insecurity"
330,1,1,1,3,2,2,2,3,3,3,35,35,30,4,4,2,2,3,5,4,2,4,4,1,2,2,NA,NA,1,94,"Housing Insecurity",2,2,2,4,3,3,3,3,3,3,3,2.16666666666667,3.125,"none","people who experience housing insecurity"
331,1,1,1,1,1,1,2,2,2,4,80,10,10,5,5,1,2,3,4,5,2,4,5,4,7,7,NA,NA,1,73,"Housing Insecurity",4,1,1,5,5,2,1,3,2,4,5,1.5,3.375,"none","people who experience housing insecurity"
332,1,1,1,2,3,2,2,2,3,5,50,50,0,5,5,2,2,2,2,4,3,4,3,1,3,3,NA,NA,1,100,"Housing Insecurity",1,2,1,5,5,4,1,5,3,5,5,1.83333333333333,4.125,"none","people who experience housing insecurity"
333,1,1,1,5,3,2,2,2,4,1,0,75,25,5,3,1,2,1,2,2,1,4,5,3,3,3,NA,NA,1,72,"The Homeless",2,4,1,4,4,4,4,4,3,5,2,2.83333333333333,3.75,"none","the homeless"
334,1,1,1,1,1,1,2,4,3,2,40,30,30,4,4,2,2,2,6,5,3,4,5,4,6,4,1,NA,NA,78,"The Homeless",3,1,2,5,5,2,2,2,2,5,2,1.5,3.125,"self","the homeless"
335,1,1,1,3,3,2,2,3,3,3,30,40,30,5,2,1,2,3,4,5,3,4,3,3,6,2,NA,NA,1,78,"The Homeless",1,3,1,5,5,3,3,4,3,4,4,2.16666666666667,3.875,"none","the homeless"
336,1,1,1,4,4,4,2,4,2,3,20,60,20,4,4,2,1,2,6,8,3,4,4,4,3,3,NA,1,NA,53,"Housing Insecurity",1,2,2,1,2,3,2,2,3,3,2,2.83333333333333,2.25,"other","people who experience housing insecurity"
337,1,1,1,4,2,1,2,2,3,4,30,65,5,4,4,2,2,3,2,5,2,4,4,5,3,3,NA,NA,1,48,"Housing Insecurity",2,4,1,2,4,4,2,4,2,5,4,2.33333333333333,3.375,"none","people who experience housing insecurity"
338,1,1,3,2,2,1,2,2,3,3,70,20,10,4,4,2,2,2,4,4,3,4,3,5,6,6,NA,NA,1,43,"Housing Insecurity",3,2,1,4,4,3,3,3,3,5,4,1.83333333333333,3.625,"none","people who experience housing insecurity"
339,1,1,1,2,3,3,2,2,3,2,50,50,0,3,2,1,2,2,1,2,2,2,2,2,2,2,NA,1,NA,60,"Housing Insecurity",5,3,3,4,5,3,3,3,3,3,3,3.16666666666667,3.375,"other","people who experience housing insecurity"
340,1,1,1,2,3,3,2,2,3,5,40,20,40,3,3,2,2,2,4,5,2,3,3,3,6,4,NA,1,NA,72,"The Homeless",3,3,1,3,3,4,2,4,3,4,4,2.5,3.375,"other","the homeless"
341,1,1,1,1,1,1,2,3,2,3,40,40,20,4,4,1,2,2,6,5,3,5,5,1,2,2,NA,1,NA,83,"Housing Insecurity",2,1,1,4,5,3,3,3,2,2,2,1.16666666666667,3,"other","people who experience housing insecurity"
342,1,1,1,4,4,4,2,5,4,4,30,40,30,5,1,1,1,2,1,2,2,3,2,4,1,1,NA,1,NA,69,"The Homeless",2,3,2,2,3,4,4,4,4,5,4,3.16666666666667,3.75,"other","the homeless"
343,1,1,1,4,4,4,2,4,4,3,5,90,5,5,3,1,2,3,3,4,2,4,3,4,4,2,NA,NA,1,100,"The Homeless",2,3,1,4,3,3,2,3,3,5,3,3,3.25,"none","the homeless"
344,1,1,1,2,1,4,2,4,4,5,30,50,20,5,1,1,1,1,2,4,3,4,1,1,6,6,1,NA,NA,100,"Housing Insecurity",2,3,3,5,5,5,4,5,3,5,5,2.5,4.625,"self","people who experience housing insecurity"
345,1,1,1,3,5,4,2,5,4,3,50,50,0,5,3,1,2,3,2,2,2,4,4,3,2,3,NA,1,NA,50,"The Homeless",5,3,3,3,3,4,3,5,3,5,5,3.83333333333333,3.875,"other","the homeless"
346,1,1,1,3,2,4,2,3,4,5,60,20,20,5,3,1,1,3,1,1,2,5,3,1,1,1,NA,NA,1,83,"The Homeless",5,3,4,5,5,5,3,4,3,5,4,3.5,4.25,"none","the homeless"
347,1,1,1,1,3,3,2,2,3,5,50,25,25,4,4,1,2,4,4,5,3,3,3,3,5,6,NA,NA,1,100,"The Homeless",1,3,1,5,5,2,3,3,3,5,5,2,3.875,"none","the homeless"
348,1,1,1,3,3,3,2,3,3,3,50,50,0,5,4,2,2,2,7,9,3,5,5,5,1,1,NA,NA,1,75,"The Homeless",3,1,1,5,5,3,2,1,2,2,5,2.33333333333333,3.125,"none","the homeless"
349,1,1,1,1,1,1,2,1,3,5,60,20,20,3,4,1,1,2,6,5,3,5,4,2,7,6,NA,1,NA,42,"The Homeless",1,2,1,5,5,2,2,2,3,5,3,1.16666666666667,3.375,"other","the homeless"
350,1,1,1,2,2,2,2,4,3,2,30,40,30,5,3,1,2,3,5,4,2,4,4,2,2,2,NA,NA,1,55,"The Homeless",2,2,2,4,5,2,2,2,1,4,2,2,2.75,"none","the homeless"
351,1,1,1,4,4,2,2,2,2,4,60,20,20,3,3,2,2,2,5,5,2,4,3,1,1,1,NA,NA,1,54,"Housing Insecurity",2,3,2,4,3,2,3,3,3,3,2,2.83333333333333,2.875,"none","people who experience housing insecurity"
352,1,1,1,1,1,1,2,5,3,3,50,30,20,4,4,2,2,2,6,5,3,5,4,3,6,6,NA,NA,1,84,"The Homeless",1,1,1,5,5,1,1,1,1,5,1,1,2.5,"none","the homeless"
353,1,1,1,5,4,4,2,4,3,3,35,30,35,4,4,1,2,2,6,8,3,4,3,4,1,2,NA,NA,1,69,"The Homeless",3,2,1,2,3,2,2,3,2,3,2,3.16666666666667,2.375,"none","the homeless"
354,1,1,1,4,5,4,2,4,4,5,100,0,0,5,1,1,1,2,2,2,2,5,2,1,1,1,1,NA,NA,10,"The Homeless",4,1,2,3,5,3,2,5,2,5,4,3.33333333333333,3.625,"self","the homeless"
356,1,1,1,1,1,3,2,5,4,3,20,30,50,4,4,2,1,4,7,5,3,4,4,1,3,3,NA,NA,1,25,"Housing Insecurity",1,5,3,1,3,4,5,4,4,1,2,2.33333333333333,3,"none","people who experience housing insecurity"
357,1,1,1,3,2,2,2,2,3,4,40,60,0,2,3,2,1,2,5,3,2,4,4,2,3,5,NA,1,NA,52,"Housing Insecurity",2,2,3,2,5,4,3,3,2,3,3,2.33333333333333,3.125,"other","people who experience housing insecurity"
358,1,1,1,3,3,2,2,2,3,3,0,0,100,3,2,1,2,4,1,2,1,2,1,4,3,1,NA,1,NA,61,"Housing Insecurity",2,2,1,1,5,3,3,4,3,5,5,2.16666666666667,3.625,"other","people who experience housing insecurity"
359,1,1,1,1,1,3,2,3,2,3,50,30,20,5,5,2,2,2,6,8,3,4,4,4,2,2,NA,NA,1,48,"Housing Insecurity",1,3,3,5,5,4,3,5,3,5,5,2,4.375,"none","people who experience housing insecurity"
360,1,1,1,2,1,1,2,2,3,2,35,50,15,4,4,1,2,3,5,5,2,4,3,2,2,3,NA,NA,1,46,"The Homeless",4,1,2,4,5,3,2,3,3,4,3,1.83333333333333,3.375,"none","the homeless"
361,1,1,1,1,3,2,2,2,3,2,60,20,20,3,3,2,2,2,7,8,3,3,3,4,1,2,NA,NA,1,59,"Housing Insecurity",3,4,2,5,3,3,3,5,4,5,4,2.5,4,"none","people who experience housing insecurity"
362,1,1,3,1,2,1,2,5,3,5,40,40,20,5,5,2,2,2,7,8,3,4,5,1,6,7,NA,NA,1,82,"The Homeless",1,1,1,3,5,2,2,2,1,4,3,1.16666666666667,2.75,"none","the homeless"
363,1,1,1,3,2,3,2,4,3,4,100,0,0,4,2,2,2,2,4,4,2,4,4,2,2,2,NA,1,NA,54,"Housing Insecurity",2,2,2,3,2,2,2,3,3,4,4,2.33333333333333,2.875,"other","people who experience housing insecurity"
364,1,1,1,4,4,4,2,2,3,2,30,40,30,3,2,1,2,2,3,4,2,3,3,3,1,1,NA,NA,1,37,"Housing Insecurity",2,3,2,2,2,3,2,2,3,3,3,3.16666666666667,2.5,"none","people who experience housing insecurity"
365,1,1,1,3,2,3,2,2,3,1,35,35,30,3,3,1,1,3,5,5,2,3,1,3,1,1,NA,1,NA,84,"Housing Insecurity",2,3,4,4,5,4,3,4,2,3,4,2.83333333333333,3.625,"other","people who experience housing insecurity"
366,1,1,1,1,4,4,2,1,4,5,70,10,20,4,3,1,2,2,1,1,1,3,3,2,1,1,NA,1,NA,27,"The Homeless",2,2,2,4,5,5,2,4,4,5,5,2.5,4.25,"other","the homeless"
367,1,1,1,3,2,3,2,3,4,2,60,20,20,4,5,1,2,1,7,9,3,5,4,5,1,1,NA,NA,1,56,"The Homeless",3,4,1,2,2,3,3,3,2,3,4,2.66666666666667,2.75,"none","the homeless"
368,1,1,1,2,3,3,2,3,1,3,35,35,30,3,2,2,2,3,4,5,3,3,4,5,2,5,NA,NA,1,49,"Housing Insecurity",2,2,2,3,3,4,3,4,3,4,4,2.33333333333333,3.5,"none","people who experience housing insecurity"
369,1,1,1,5,5,4,2,5,4,5,50,50,0,4,1,1,1,3,3,3,2,4,3,5,1,1,NA,1,NA,29,"The Homeless",1,3,1,2,2,2,4,3,3,5,4,3.16666666666667,3.125,"other","the homeless"
370,1,1,1,2,4,3,2,4,1,2,28,47,25,4,4,2,2,2,6,8,3,4,3,2,2,2,NA,1,NA,61,"The Homeless",5,1,4,3,3,2,3,4,2,5,3,3.16666666666667,3.125,"other","the homeless"
371,1,1,1,1,1,1,2,3,3,3,55,25,20,4,4,2,2,2,5,3,2,5,4,2,1,2,NA,1,NA,96,"The Homeless",3,1,1,5,5,2,2,2,2,3,2,1.33333333333333,2.875,"other","the homeless"
372,1,1,1,2,2,2,2,2,3,3,33,33,34,3,3,2,2,2,4,5,3,4,3,2,7,7,1,1,NA,31,"The Homeless",2,2,2,5,5,2,2,3,2,5,3,2,3.375,"self","the homeless"
373,1,1,1,3,4,4,2,3,1,3,25,45,30,3,3,2,2,2,7,9,3,2,3,4,1,1,NA,1,NA,36,"Housing Insecurity",3,2,3,3,2,3,2,1,3,2,2,3.16666666666667,2.25,"other","people who experience housing insecurity"
374,1,1,1,3,4,3,2,4,3,1,40,30,30,5,5,2,2,2,7,8,3,4,3,4,2,2,NA,NA,1,72,"The Homeless",1,4,2,3,4,3,4,2,3,5,5,2.83333333333333,3.625,"none","the homeless"
375,1,1,1,2,2,4,2,4,2,2,25,25,50,3,3,1,1,3,5,4,3,3,3,3,4,4,NA,NA,1,76,"The Homeless",3,3,4,3,4,4,4,4,3,3,2,3,3.375,"none","the homeless"
376,1,1,1,3,2,2,2,5,2,2,40,50,10,4,3,2,2,2,5,4,3,3,4,2,5,5,NA,NA,1,79,"Housing Insecurity",4,2,2,3,4,3,3,2,2,3,3,2.5,2.875,"none","people who experience housing insecurity"
377,1,1,1,3,3,2,2,1,3,3,0,100,0,1,1,2,2,2,5,5,3,3,3,1,2,1,NA,NA,1,4,"Housing Insecurity",3,2,3,4,3,3,3,3,3,3,3,2.66666666666667,3.125,"none","people who experience housing insecurity"
378,1,1,1,4,1,2,2,4,4,5,40,30,30,4,4,2,2,2,6,8,3,5,2,4,7,6,NA,NA,1,50,"Housing Insecurity",1,1,5,5,5,2,2,3,2,4,4,2.33333333333333,3.375,"none","people who experience housing insecurity"
379,1,1,1,3,2,2,2,4,3,3,0,50,50,5,3,1,2,2,4,4,2,3,3,2,1,1,NA,NA,1,60,"Housing Insecurity",2,2,1,3,3,3,4,4,3,5,5,2,3.75,"none","people who experience housing insecurity"
380,1,1,1,1,2,5,2,1,4,4,50,25,25,5,5,2,2,2,6,5,3,1,1,1,1,1,NA,NA,1,100,"The Homeless",1,5,5,1,1,5,5,5,5,5,5,3.16666666666667,4,"none","the homeless"
381,1,1,1,1,2,2,2,3,3,1,30,50,20,5,4,2,2,2,6,8,3,4,3,2,1,2,NA,1,NA,23,"Housing Insecurity",3,2,2,4,5,3,2,4,2,4,3,2,3.375,"other","people who experience housing insecurity"
382,1,1,1,3,1,3,2,3,1,4,34,33,33,3,3,2,2,4,4,8,3,4,3,3,7,7,NA,1,NA,49,"Housing Insecurity",1,1,1,5,3,3,3,3,3,3,3,1.66666666666667,3.25,"other","people who experience housing insecurity"
383,1,1,1,3,1,1,2,4,1,4,33,33,34,5,2,1,2,3,3,8,3,3,4,1,2,2,NA,NA,1,72,"The Homeless",2,2,1,5,3,4,3,3,3,5,5,1.66666666666667,3.875,"none","the homeless"
384,1,1,1,3,1,2,2,2,4,4,40,45,15,3,2,1,2,2,4,4,2,4,3,2,1,2,NA,1,NA,73,"The Homeless",1,1,1,5,5,4,3,3,3,5,5,1.5,4.125,"other","the homeless"
385,1,1,1,1,2,1,2,2,1,2,40,20,40,3,3,2,2,2,4,5,3,3,4,2,6,6,NA,1,NA,67,"Housing Insecurity",1,3,3,5,5,2,1,3,3,4,5,1.83333333333333,3.5,"other","people who experience housing insecurity"
386,1,1,1,3,4,4,2,4,1,4,33,53,14,3,4,2,2,2,5,5,3,4,3,3,6,6,NA,NA,1,66,"The Homeless",2,2,2,3,2,4,4,4,3,2,4,2.83333333333333,3.25,"none","the homeless"
387,1,1,1,2,3,4,2,4,3,2,33,34,33,5,3,2,2,2,2,5,2,5,4,3,3,4,NA,1,NA,92,"The Homeless",1,2,1,5,5,1,1,1,2,5,3,2.16666666666667,2.875,"other","the homeless"
388,1,1,1,3,5,2,2,4,1,3,100,0,0,4,3,1,2,3,4,2,2,4,2,3,2,2,NA,NA,1,44,"The Homeless",5,3,3,5,3,2,4,2,2,4,2,3.5,3,"none","the homeless"
389,1,1,1,2,2,1,2,4,2,5,0,0,100,5,5,2,2,2,7,8,3,5,3,4,6,6,NA,1,NA,73,"Housing Insecurity",1,1,1,5,5,2,2,3,3,4,4,1.33333333333333,3.5,"other","people who experience housing insecurity"
390,1,1,1,4,4,2,2,4,3,2,40,50,10,4,3,2,2,1,6,5,3,4,4,3,2,3,NA,1,NA,73,"Housing Insecurity",2,2,2,2,1,3,3,3,3,4,4,2.66666666666667,2.875,"other","people who experience housing insecurity"
391,1,1,1,2,2,2,2,3,3,3,30,50,20,1,2,2,2,2,6,8,3,5,4,2,1,1,NA,1,NA,78,"Housing Insecurity",4,3,2,3,3,3,3,4,3,4,3,2.5,3.25,"other","people who experience housing insecurity"
392,1,1,1,1,1,1,2,4,3,3,25,0,75,4,2,2,2,2,6,8,3,4,4,5,7,7,NA,NA,1,43,"Housing Insecurity",1,1,1,5,5,3,2,3,3,5,4,1,3.75,"none","people who experience housing insecurity"
393,1,1,1,1,1,1,2,2,1,4,80,10,10,4,4,2,2,2,6,5,3,3,3,3,7,7,NA,1,NA,49,"The Homeless",1,2,1,5,5,2,2,3,2,5,3,1.16666666666667,3.375,"other","the homeless"
394,1,3,3,1,1,1,2,2,3,2,50,50,0,4,3,1,1,3,4,4,2,3,3,5,7,7,NA,NA,1,48,"Housing Insecurity",1,1,1,5,5,3,3,3,3,5,4,1,3.875,"none","people who experience housing insecurity"
395,1,1,1,3,1,2,2,2,4,4,35,30,35,3,3,1,2,3,6,8,2,4,4,1,2,2,NA,1,NA,71,"The Homeless",1,1,3,2,5,2,3,2,2,4,3,1.83333333333333,2.875,"other","the homeless"
396,1,1,1,4,3,1,2,3,1,3,0,50,50,4,3,2,2,2,4,4,3,3,3,3,6,6,NA,NA,1,24,"Housing Insecurity",3,3,2,4,3,4,3,3,3,4,4,2.66666666666667,3.5,"none","people who experience housing insecurity"
397,1,1,1,4,3,3,2,4,1,4,70,20,10,4,5,2,2,2,6,5,3,4,3,5,3,2,NA,NA,1,43,"Housing Insecurity",1,1,2,2,1,2,3,1,2,3,1,2.33333333333333,1.875,"none","people who experience housing insecurity"
398,1,3,1,1,4,4,2,2,3,3,40,40,20,4,1,2,2,2,7,8,3,4,4,3,1,2,1,NA,NA,77,"Housing Insecurity",2,2,1,5,4,1,2,2,1,5,5,2.33333333333333,3.125,"self","people who experience housing insecurity"
399,1,1,1,1,2,1,2,4,3,2,50,50,0,4,4,2,2,2,5,4,3,3,4,3,7,7,NA,NA,1,23,"Housing Insecurity",1,1,1,5,5,2,2,2,2,4,4,1.16666666666667,3.25,"none","people who experience housing insecurity"
